tool;scope;tp;fp;fn;precision;recall;accuracy;f1
roseau;breaking;191;3;0;0.9845;1.0000;0.9903;0.9922
roseau;source;171;18;0;0.9048;1.0000;0.9419;0.9500
roseau;binary;105;5;0;0.9545;1.0000;0.9839;0.9767
japicmp;breaking;159;19;32;0.8933;0.8325;0.8355;0.8618
japicmp;source;139;39;32;0.7809;0.8129;0.7710;0.7966
japicmp;binary;105;11;0;0.9052;1.0000;0.9645;0.9502
revapi;breaking;186;41;5;0.8194;0.9738;0.8516;0.8900
revapi;source;165;58;6;0.7399;0.9649;0.7935;0.8376
revapi;binary;102;9;3;0.9189;0.9714;0.9613;0.9444
