library_id,annotation,occurrences,files,source_spellings
guava,Override,6474,422,Override
mysql-connector-j,Override,6320,372,Override;java.lang.Override
h2,Override,5095,620,Override
commons-lang,Test,4488,227,Test
guava,Nullable,4351,408,Nullable
commons-collections,Override,3718,533,Override
jackson-databind,Override,3683,410,Override
fastjson,Override,2446,361,Override
commons-io,Test,2394,226,Test
log4j-core,Override,2026,431,Override
commons-collections,Test,1919,221,Test
mysql-connector-j,Test,1776,110,Test
spring-context,Nullable,1687,321,Nullable
protobuf-java,Override,1596,76,Override
spring-context,Override,1445,325,Override
assertj-core,Override,1364,208,Override
httpclient,Override,1248,237,Override
commons-io,Override,1207,259,Override
joda-time,Override,1134,115,Override
guava,ParametricNullness,1119,155,ParametricNullness
lombok,Override,1067,203,Override
log4j-api,Override,1040,73,Override
commons-beanutils,Test,960,119,Test
commons-lang,Override,940,173,Override
junit-jupiter-api,Nullable,937,46,Nullable
commons-codec,Test,898,67,Test
commons-collections,SuppressWarnings,859,270,SuppressWarnings
guava,SuppressWarnings,848,249,SuppressWarnings
guava,CanIgnoreReturnValue,836,186,CanIgnoreReturnValue
jackson-core,Override,826,76,Override
guava,GwtIncompatible,807,287,GwtIncompatible;Partially.GwtIncompatible
mockito-core,Override,767,199,Override
guava,J2ktIncompatible,650,252,J2ktIncompatible
commons-io,SuppressWarnings,460,152,SuppressWarnings
commons-beanutils,Override,442,140,Override
junit-jupiter-api,API,399,137,API
gson,Override,382,46,Override
commons-logging,Override,339,50,Override
log4j-core,Deprecated,337,119,Deprecated
guava,GwtCompatible,334,333,GwtCompatible
commons-lang,Deprecated,322,111,Deprecated
assertj-core,CheckReturnValue,308,63,CheckReturnValue
jackson-databind,SuppressWarnings,303,114,SuppressWarnings
commons-lang,SuppressWarnings,296,130,SuppressWarnings
assertj-core,SuppressWarnings,282,63,SuppressWarnings
log4j-core,PluginBuilderAttribute,279,54,PluginBuilderAttribute
commons-io,ParameterizedTest,233,53,ParameterizedTest
commons-io,Deprecated,227,65,Deprecated
log4j-core,Plugin,221,187,Plugin
commons-codec,Override,220,71,Override
guava,Deprecated,219,64,Deprecated
commons-io,MethodSource,204,37,MethodSource
log4j-core,PluginAttribute,204,55,PluginAttribute
org.osgi.core,Override,197,24,Override
mysql-connector-j,SuppressWarnings,197,69,SuppressWarnings
logback-classic,Override,182,86,Override
slf4j-api,Override,180,14,Override
protobuf-java,SuppressWarnings,180,49,SuppressWarnings
protobuf-java,Deprecated,172,21,Deprecated
httpclient,Deprecated,166,81,Deprecated
httpclient,Contract,163,163,Contract
guava,VisibleForTesting,159,63,VisibleForTesting
spring-context,SuppressWarnings,156,120,SuppressWarnings
protobuf-java,CanIgnoreReturnValue,148,33,CanIgnoreReturnValue
h2,SuppressWarnings,141,72,SuppressWarnings
commons-lang,ParameterizedTest,138,30,ParameterizedTest
log4j-api,SuppressWarnings,136,21,SuppressWarnings
guava,DoNotCall,125,23,DoNotCall
commons-codec,Deprecated,124,27,Deprecated
lombok,Provides,121,98,Provides
mockito-core,SuppressWarnings,118,63,SuppressWarnings
log4j-core,PluginElement,116,64,PluginElement
commons-lang,MethodSource,112,19,MethodSource
assertj-core,SafeVarargs,110,22,SafeVarargs
gson,SuppressWarnings,109,39,SuppressWarnings
guava,LazyInit,108,52,LazyInit
retrofit,Nullable,108,21,Nullable
retrofit,Override,105,16,Override
log4j-core,Nullable,103,19,Nullable
httpclient,Internal,98,77,Internal
guava,NonNull,98,17,NonNull
log4j-core,SuppressWarnings,98,64,SuppressWarnings
commons-lang,Nested,96,2,Nested
lombok,SuppressWarnings,96,54,SuppressWarnings;java.lang.SuppressWarnings
fastjson,SuppressWarnings,90,15,SuppressWarnings
guava,WeakOuter,87,32,WeakOuter
commons-beanutils,BeforeEach,85,85,BeforeEach
junit-jupiter-api,Override,83,36,Override
jackson-databind,JacksonStdImpl,81,49,JacksonStdImpl
commons-codec,ParameterizedTest,71,14,ParameterizedTest
log4j-core,PluginFactory,70,70,PluginFactory
lombok,Retention,69,50,Retention
lombok,Target,69,50,Target
log4j-core,JsonProperty,68,9,JsonProperty
commons-lang,FunctionalInterface,67,58,FunctionalInterface
guava,GuardedBy,66,11,GuardedBy
gson,CanIgnoreReturnValue,65,8,CanIgnoreReturnValue
guava,InlineMe,65,34,InlineMe
commons-codec,MethodSource,65,14,MethodSource
commons-beanutils,AfterEach,63,63,AfterEach
log4j-core,PluginBuilderFactory,63,61,PluginBuilderFactory
junit-jupiter-api,Retention,63,61,Retention
junit-jupiter-api,Target,63,61,Target
commons-io,BeforeEach,62,62,BeforeEach
log4j-core,PerformanceSensitive,56,52,PerformanceSensitive
spring-context,Retention,56,55,Retention
spring-context,Target,56,55,Target
spring-context,Documented,55,55,Documented
spring-context,NullMarked,55,55,NullMarked
jackson-databind,Deprecated,54,33,Deprecated
mysql-connector-j,Deprecated,54,25,Deprecated;java.lang.Deprecated
log4j-core,SuppressFBWarnings,54,39,SuppressFBWarnings
spring-context,Deprecated,53,31,Deprecated
log4j-core,JacksonXmlProperty,52,9,JacksonXmlProperty
junit-jupiter-api,Contract,50,8,Contract
log4j-core,Export,50,50,Export
maven-plugin-api,Override,50,7,Override
log4j-core,Version,50,50,Version
assertj-core,CanIgnoreReturnValue,47,8,CanIgnoreReturnValue
log4j-core,ConverterKeys,47,40,ConverterKeys
testng,Override,46,22,Override
guava,Weak,46,16,Weak
commons-collections,Deprecated,44,15,Deprecated
junit-jupiter-api,Documented,44,44,Documented
commons-beanutils,SuppressWarnings,43,26,SuppressWarnings
assertj-core,Contract,42,7,Contract
commons-codec,SuppressWarnings,42,15,SuppressWarnings
commons-lang,BeforeEach,41,41,BeforeEach
protobuf-java,CheckReturnValue,41,41,CheckReturnValue
log4j-core,PluginConfiguration,41,33,PluginConfiguration
guava,RetainedLocalRef,40,9,RetainedLocalRef
lombok,HandlerPriority,39,39,HandlerPriority
log4j-api,PerformanceSensitive,39,13,PerformanceSensitive
log4j-core,Required,39,28,Required
joda-time,SuppressWarnings,39,33,SuppressWarnings
commons-io,TempDir,39,38,TempDir
junit-jupiter-api,SuppressWarnings,38,30,SuppressWarnings
guava,DoNotMock,36,32,DoNotMock
commons-collections,BeforeEach,34,34,BeforeEach
lombok,Description,34,7,Description
commons-lang,Benchmark,33,5,Benchmark
spring-context,AliasFor,32,17,AliasFor
testng,Nullable,32,4,Nullable
httpclient,SuppressWarnings,32,21,SuppressWarnings
guava,Target,31,31,Target
mysql-connector-j,BeforeEach,30,30,BeforeEach
guava,Immutable,29,28,Immutable
protobuf-java,ExperimentalApi,28,25,ExperimentalApi
junit-jupiter-api,Inherited,28,26,Inherited
retrofit,Documented,27,27,Documented
retrofit,Retention,27,27,Retention
commons-io,Benchmark,26,5,Benchmark
log4j-core,JsonIgnore,26,6,JsonIgnore
commons-lang,SafeVarargs,26,11,SafeVarargs
retrofit,Target,26,26,Target
mysql-connector-j,AfterEach,25,25,AfterEach
org.osgi.core,ConsumerType,25,24,ConsumerType
commons-lang,DefaultLocale,24,9,DefaultLocale
jackson-core,Deprecated,24,4,Deprecated
guava,J2ObjCIncompatible,24,16,J2ObjCIncompatible
log4j-core,Retention,24,22,Retention
lombok,Shorthand,24,7,Shorthand
guava,FunctionalInterface,23,9,FunctionalInterface
spring-context,FunctionalInterface,23,23,FunctionalInterface
org.osgi.core,ProviderType,23,23,ProviderType
guava,SafeVarargs,23,15,SafeVarargs
jackson-core,SuppressWarnings,23,18,SuppressWarnings
log4j-core,Target,23,21,Target
guava,RetainedWith,22,16,RetainedWith
guava,Retention,22,22,Retention
testng,Retention,22,22,Retention
testng,Target,22,22,Target
commons-lang,ValueSource,22,11,ValueSource
joda-time,Deprecated,21,8,Deprecated
guava,Beta,20,15,Beta
guava,CompatibleWith,20,4,CompatibleWith
commons-io,EnumSource,20,12,EnumSource
joda-time,FromString,20,20,FromString
commons-io,FunctionalInterface,20,20,FunctionalInterface
junit-jupiter-api,FunctionalInterface,20,20,FunctionalInterface
httpclient,Experimental,19,16,Experimental
mockito-core,SafeVarargs,19,2,SafeVarargs
guava,CheckReturnValue,18,18,CheckReturnValue
log4j-core,Documented,18,18,Documented
commons-collections,ParameterizedTest,18,9,ParameterizedTest
gson,Deprecated,17,10,Deprecated
junit-jupiter-api,ExtendWith,17,17,ExtendWith
log4j-api,InternalApi,17,17,InternalApi
mockito-core,NotExtensible,17,17,NotExtensible
joda-time,ToString,17,17,ToString
commons-lang,DefaultTimeZone,16,7,DefaultTimeZone
guava,IgnoreJRERequirement,16,13,IgnoreJRERequirement
guava,NullMarked,16,16,NullMarked
log4j-core,NullMarked,16,16,NullMarked
org.osgi.core,SuppressWarnings,16,8,SuppressWarnings
commons-io,AfterEach,15,15,AfterEach
assertj-core,Beta,15,11,Beta
commons-logging,Deprecated,15,9,Deprecated
lombok,Deprecated,15,14,Deprecated
spring-context,Role,15,6,Role
commons-lang,AfterEach,14,14,AfterEach
slf4j-api,CheckReturnValue,14,2,CheckReturnValue
assertj-core,Deprecated,14,11,Deprecated
log4j-api,Deprecated,14,11,Deprecated
protobuf-java,InlineMe,14,2,InlineMe
commons-io,Timeout,14,3,Timeout
fastjson,Deprecated,13,8,Deprecated
testng,Documented,13,13,Documented
guava,ForOverride,13,7,ForOverride
fastjson,FunctionalInterface,13,13,FunctionalInterface
org.osgi.core,Version,13,13,Version
commons-lang,BenchmarkMode,12,5,BenchmarkMode
h2,Deprecated,12,5,Deprecated
junit-jupiter-api,Deprecated,12,5,Deprecated
mysql-connector-j,Generated,12,12,com.google.protobuf.Generated
guava,InlineMeValidationDisabled,12,8,InlineMeValidationDisabled
mockito-core,Nullable,12,4,Nullable
commons-lang,OutputTimeUnit,12,5,OutputTimeUnit
commons-lang,State,12,5,State
commons-lang,Annotated,11,7,Annotated
mysql-connector-j,Disabled,11,9,Disabled
retrofit,IgnoreJRERequirement,11,4,IgnoreJRERequirement
commons-lang,Param,11,3,Param
mockito-core,This,11,2,Advice.This;This
maven-plugin-api,Deprecated,10,6,Deprecated
jackson-databind,JacksonAnnotation,10,10,JacksonAnnotation;com.fasterxml.jackson.annotation.JacksonAnnotation
log4j-core,PluginAliases,10,8,PluginAliases
spring-context,Reflective,10,10,Reflective
commons-lang,Retention,10,8,Retention
jackson-databind,Retention,10,10,Retention
mockito-core,Retention,10,10,Retention
commons-lang,Setup,10,3,Setup
jackson-databind,Target,10,10,Target
commons-lang,Warmup,10,3,Warmup
lombok,XmlAttribute,10,4,XmlAttribute
spring-context,Bean,9,6,Bean
mockito-core,Deprecated,9,7,Deprecated
commons-io,Disabled,9,5,Disabled
commons-lang,Fork,9,2,Fork
commons-collections,FunctionalInterface,9,8,FunctionalInterface
commons-lang,Measurement,9,2,Measurement
commons-collections,MethodSource,9,1,MethodSource
junit-jupiter-api,NullMarked,9,9,NullMarked
junit-jupiter-api,Repeatable,9,9,Repeatable
commons-lang,Target,9,8,Target
spring-context,Configuration,8,8,Configuration
logback-classic,Deprecated,8,6,Deprecated
commons-lang,Disabled,8,6,Disabled
mockito-core,Documented,8,8,Documented
log4j-api,Export,8,8,Export
commons-lang,NestAnnotation,8,1,NestAnnotation
commons-lang,SetSystemProperty,8,2,SetSystemProperty
retrofit,SuppressWarnings,8,6,SuppressWarnings
assertj-core,Target,8,8,Target
commons-io,ValueSource,8,7,ValueSource
log4j-api,Version,8,8,Version
lombok,DeferUntilPostDiet,7,7,DeferUntilPostDiet
commons-beanutils,Disabled,7,2,Disabled
assertj-core,FunctionalInterface,7,6,FunctionalInterface
spring-context,Import,7,7,Import
spring-context,Inherited,7,7,Inherited
log4j-api,Nullable,7,5,Nullable;org.jspecify.annotations.Nullable
log4j-core,PluginVisitorStrategy,7,7,PluginVisitorStrategy
commons-lang,ReadsDefaultLocale,7,5,ReadsDefaultLocale
junit-jupiter-api,ResourceLock,7,7,ResourceLock
protobuf-java,Target,7,7,Target
commons-beanutils,Deprecated,6,2,Deprecated
log4j-api,Documented,6,6,Documented
protobuf-java,Documented,6,6,Documented
mysql-connector-j,FunctionalInterface,6,6,FunctionalInterface
org.osgi.core,FunctionalInterface,6,6,FunctionalInterface
log4j-core,JacksonXmlElementWrapper,6,5,JacksonXmlElementWrapper
log4j-core,JsonCreator,6,6,JsonCreator
lombok,Mandatory,6,5,Mandatory
fastjson,Retention,6,6,Retention
gson,Retention,6,6,Retention
protobuf-java,Retention,6,6,Retention
junit-jupiter-api,Serial,6,6,Serial
mockito-core,SuppressSignatureCheck,6,4,SuppressSignatureCheck
logback-classic,SuppressWarnings,6,5,SuppressWarnings
maven-plugin-api,SuppressWarnings,6,6,SuppressWarnings
gson,Target,6,6,Target
mockito-core,Target,6,6,Target
commons-codec,ValueSource,6,1,ValueSource
commons-collections,ValueSource,6,5,ValueSource
commons-collections,AfterEach,5,5,AfterEach
commons-codec,BeforeEach,5,5,BeforeEach
commons-io,BenchmarkMode,5,5,BenchmarkMode
commons-io,CartesianTest,5,1,CartesianTest
gson,CheckReturnValue,5,5,com.google.errorprone.annotations.CheckReturnValue
mockito-core,CheckReturnValue,5,5,CheckReturnValue
testng,Deprecated,5,2,Deprecated
commons-io,DisabledOnOs,5,3,DisabledOnOs
commons-io,Enum,5,1,CartesianTest.Enum
mockito-core,Identifier,5,1,Identifier
fastjson,JSONCreator,5,4,JSONCreator
guava,Keep,5,2,Keep
mockito-core,Origin,5,2,Advice.Origin;Origin
commons-io,OutputTimeUnit,5,5,OutputTimeUnit
guava,ReflectionSupport,5,5,ReflectionSupport
spring-context,Repeatable,5,5,Repeatable
lombok,Sequential,5,5,Sequential
assertj-core,Serial,5,5,Serial
log4j-api,ServiceProvider,5,5,ServiceProvider
log4j-core,ServiceProvider,5,5,ServiceProvider
commons-io,State,5,5,State
lombok,SupportedAnnotationTypes,5,5,SupportedAnnotationTypes
log4j-api,SuppressFBWarnings,5,5,SuppressFBWarnings
fastjson,Target,5,5,Target
log4j-api,Target,5,5,Target
commons-io,Values,5,1,Values
junit-jupiter-api,WritesSystemProperty,5,3,WritesSystemProperty
lombok,XmlElement,5,3,XmlElement
commons-codec,AfterEach,4,4,AfterEach
mockito-core,AllArguments,4,2,Advice.AllArguments;AllArguments
lombok,AlreadyHandledAnnotations,4,4,AlreadyHandledAnnotations
log4j-api,AsynchronouslyFormattable,4,4,AsynchronouslyFormattable
log4j-api,BaselineIgnore,4,4,BaselineIgnore
commons-io,BeforeAll,4,4,BeforeAll
spring-context,Component,4,4,Component
log4j-core,Constraint,4,4,Constraint
protobuf-java,DoNotInline,4,4,DoNotInline
gson,Documented,4,4,Documented
guava,Documented,4,4,Documented
mockito-core,Enter,4,1,Advice.Enter
commons-io,Fork,4,4,Fork
lombok,FullName,4,2,FullName
httpclient,FunctionalInterface,4,4,FunctionalInterface
mockito-core,FunctionalInterface,4,4,FunctionalInterface
retrofit,GuardedBy,4,1,GuardedBy
gson,InlineMe,4,2,InlineMe
commons-io,Measurement,4,4,Measurement
log4j-api,Nonnull,4,4,Nonnull
log4j-core,NullUnmarked,4,1,NullUnmarked
spring-context,NullUnmarked,4,4,NullUnmarked
mockito-core,OnMethodEnter,4,1,Advice.OnMethodEnter
mockito-core,OnMethodExit,4,1,Advice.OnMethodExit
log4j-core,Order,4,4,Order
assertj-core,Retention,4,4,Retention
mockito-core,Return,4,1,Advice.Return
log4j-api,ServiceConsumer,4,4,ServiceConsumer
commons-lang,SetSystemProperties,4,2,SetSystemProperties
retrofit,TargetApi,4,4,TargetApi
commons-lang,TestFactory,4,2,TestFactory
junit-jupiter-api,Testable,4,4,Testable
commons-lang,Timeout,4,2,Timeout
log4j-core,ValidPort,4,3,ValidPort
commons-io,Warmup,4,4,Warmup
commons-lang,WritesDefaultLocale,4,3,WritesDefaultLocale
lombok,XmlElementWrapper,4,2,XmlElementWrapper
commons-io,AfterAll,3,3,AfterAll
mockito-core,Argument,3,2,Advice.Argument;Argument
spring-context,Autowired,3,3,Autowired
commons-beanutils,BeforeAll,3,3,BeforeAll
logback-classic,ConfiguratorRank,3,3,ConfiguratorRank
commons-collections,CsvSource,3,3,CsvSource
commons-io,EnabledIf,3,1,EnabledIf
commons-io,EnabledOnOs,3,2,EnabledOnOs
lombok,Excludes,3,2,Excludes
commons-lang,HashCodeExclude,3,1,HashCodeExclude
commons-lang,IntRangeSource,3,1,IntRangeSource
fastjson,JSONField,3,3,JSONField
log4j-core,JsonDeserialize,3,2,JsonDeserialize
log4j-core,JsonIgnoreProperties,3,3,JsonIgnoreProperties
log4j-core,JsonPropertyOrder,3,3,JsonPropertyOrder
log4j-core,PluginNode,3,3,PluginNode
log4j-api,Retention,3,3,Retention
assertj-core,RuntimeType,3,3,RuntimeType
commons-io,SafeVarargs,3,3,SafeVarargs
assertj-core,SuperCall,3,3,SuperCall
commons-logging,SuppressWarnings,3,3,SuppressWarnings
commons-lang,TestAnnotation,3,1,TestAnnotation
commons-collections,TestFactory,3,2,TestFactory
assertj-core,This,3,3,This
lombok,XmlJavaTypeAdapter,3,3,XmlJavaTypeAdapter
commons-lang,AnnotationTestFixture,2,1,AnnotationTestFixture
httpclient,AuthStateCacheable,2,2,AuthStateCacheable
log4j-core,BaselineIgnore,2,2,BaselineIgnore
commons-codec,BeforeAll,2,2,BeforeAll
spring-context,Contract,2,2,Contract
commons-io,DefaultLocale,2,2,DefaultLocale
slf4j-api,Deprecated,2,2,Deprecated
commons-codec,Disabled,2,2,Disabled
commons-collections,Disabled,2,2,Disabled
assertj-core,FieldValue,2,2,FieldValue
mockito-core,FieldValue,2,1,FieldValue
guava,FormatMethod,2,2,FormatMethod
jackson-databind,FunctionalInterface,2,1,FunctionalInterface
commons-io,Group,2,1,Group
log4j-core,Header,2,1,Header
fastjson,JSONType,2,2,JSONType
log4j-core,JacksonXmlRootElement,2,2,JacksonXmlRootElement
log4j-core,JsonRootName,2,2,JsonRootName
jackson-databind,JsonValue,2,2,JsonValue
guava,NullUnmarked,2,2,NullUnmarked
logback-classic,PhaseIndicator,2,2,PhaseIndicator
log4j-core,PluginValue,2,2,PluginValue
commons-lang,ReadsDefaultTimeZone,2,2,ReadsDefaultTimeZone
lombok,Requires,2,2,Requires
lombok,ResolutionResetNeeded,2,2,ResolutionResetNeeded
guava,RestrictedApi,2,1,RestrictedApi
mockito-core,RuntimeType,2,1,RuntimeType
commons-collections,SafeVarargs,2,2,SafeVarargs
fastjson,SafeVarargs,2,2,SafeVarargs
log4j-core,SafeVarargs,2,2,SafeVarargs
log4j-core,Scheduled,2,2,Scheduled
log4j-core,ServiceConsumer,2,2,ServiceConsumer
log4j-core,SupportedAnnotationTypes,2,2,SupportedAnnotationTypes
log4j-core,SupportedOptions,2,2,SupportedOptions
testng,SuppressWarnings,2,2,SuppressWarnings
mysql-connector-j,Tag,2,2,Tag
commons-codec,TempDir,2,2,TempDir
log4j-api,TypeQualifierDefault,2,2,TypeQualifierDefault
log4j-api,TypeQualifierNickname,2,2,TypeQualifierNickname
log4j-core,ValidHost,2,2,ValidHost
commons-codec,AfterAll,1,1,AfterAll
commons-lang,AfterAll,1,1,AfterAll
commons-lang,BeforeAll,1,1,BeforeAll
mockito-core,BindingPriority,1,1,BindingPriority
commons-lang,CartesianTest,1,1,CartesianTest
protobuf-java,CompileTimeConstant,1,1,CompileTimeConstant
spring-context,Conditional,1,1,Conditional
commons-io,CsvSource,1,1,CsvSource
commons-lang,CsvSource,1,1,CsvSource
logback-classic,DefaultClass,1,1,DefaultClass
commons-collections,DefaultTimeZone,1,1,DefaultTimeZone
retrofit,Deprecated,1,1,Deprecated
commons-lang,DiffExclude,1,1,DiffExclude
junit-jupiter-api,DisabledIfSystemProperty,1,1,DisabledIfSystemProperty
junit-jupiter-api,DisplayNameGeneration,1,1,DisplayNameGeneration
assertj-core,Documented,1,1,Documented
httpclient,Documented,1,1,Documented
lombok,Documented,1,1,Documented
slf4j-api,Documented,1,1,Documented
commons-lang,EnabledIfSystemProperty,1,1,EnabledIfSystemProperty
junit-jupiter-api,EnabledIfSystemProperty,1,1,EnabledIfSystemProperty
commons-lang,EqualsExclude,1,1,EqualsExclude
retrofit,EverythingIsNonNull,1,1,retrofit2.internal.EverythingIsNonNull
lombok,ExampleValueString,1,1,ExampleValueString
log4j-core,ExportTo,1,1,ExportTo
commons-beanutils,FunctionalInterface,1,1,FunctionalInterface
log4j-core,FunctionalInterface,1,1,FunctionalInterface
testng,FunctionalInterface,1,1,FunctionalInterface
gson,IgnoreJRERequirement,1,1,IgnoreJRERequirement
spring-context,Indexed,1,1,Indexed
mockito-core,Inherited,1,1,Inherited
testng,Inherited,1,1,Inherited
log4j-core,JsonAnyGetter,1,1,JsonAnyGetter
jackson-databind,JsonCreator,1,1,JsonCreator
log4j-core,JsonFilter,1,1,JsonFilter
log4j-core,JsonUnwrapped,1,1,JsonUnwrapped
log4j-core,JsonValue,1,1,JsonValue
commons-lang,MethodFactory,1,1,CartesianTest.MethodFactory
guava,MustBeClosed,1,1,MustBeClosed
commons-collections,Nested,1,1,Nested
log4j-api,NonNull,1,1,org.jspecify.annotations.NonNull
retrofit,Nonnull,1,1,Nonnull
log4j-api,NotThreadSafe,1,1,NotThreadSafe
log4j-api,NullMarked,1,1,org.jspecify.annotations.NullMarked
log4j-api,NullUnmarked,1,1,org.jspecify.annotations.NullUnmarked
log4j-core,Option,1,1,Option
guava,OverridingMethodsMustInvokeSuper,1,1,OverridingMethodsMustInvokeSuper
log4j-core,ProviderType,1,1,ProviderType
commons-lang,RepeatedTest,1,1,RepeatedTest
httpclient,Retention,1,1,Retention
logback-classic,Retention,1,1,Retention
slf4j-api,Retention,1,1,Retention
assertj-core,StubValue,1,1,StubValue
mockito-core,StubValue,1,1,StubValue
mockito-core,SuperCall,1,1,SuperCall
assertj-core,SuperMethod,1,1,SuperMethod
httpclient,Target,1,1,Target
logback-classic,Target,1,1,Target
slf4j-api,Target,1,1,Target
commons-lang,TempDir,1,1,TempDir
commons-io,TestFactory,1,1,TestFactory
commons-lang,TestMethodAnnotation,1,1,TestMethodAnnotation
junit-jupiter-api,TestTemplate,1,1,TestTemplate
maven-plugin-api,ThreadSafe,1,1,ThreadSafe
commons-beanutils,Timeout,1,1,Timeout
commons-codec,Timeout,1,1,Timeout
commons-lang,ToStringExclude,1,1,ToStringExclude
commons-lang,ToStringSummary,1,1,ToStringSummary
retrofit,TypeQualifierDefault,1,1,TypeQualifierDefault
junit-jupiter-api,WritesDefaultLocale,1,1,WritesDefaultLocale
junit-jupiter-api,WritesDefaultTimeZone,1,1,WritesDefaultTimeZone
lombok,XmlRootElement,1,1,XmlRootElement
