package,files,libraries,library_ids
org.assertj.core.error,304,1,assertj-core
org.assertj.core.api,220,1,assertj-core
com.google.common.collect,216,1,guava
com.alibaba.fastjson2.reader,155,1,fastjson
com.google.protobuf,140,1,protobuf-java
org.apache.commons.io.input,124,1,commons-io
org.apache.commons.lang3,119,1,commons-lang
com.alibaba.fastjson2.writer,118,1,fastjson
org.apache.commons.beanutils2.converters,102,1,commons-beanutils
org.apache.commons.beanutils2,97,1,commons-beanutils
com.mysql.cj.xdevapi,95,1,mysql-connector-j
org.apache.commons.collections4.map,95,1,commons-collections
org.apache.commons.collections4.iterators,90,1,commons-collections
org.apache.commons.lang3.function,85,1,commons-lang
com.google.common.util.concurrent,84,1,guava
org.apache.commons.collections4,84,1,commons-collections
org.apache.commons.io,83,1,commons-io
org.springframework.context.annotation,80,1,spring-context
org.apache.commons.io.output,76,1,commons-io
org.apache.logging.log4j.core.pattern,75,1,log4j-core
org.assertj.core.internal,75,1,assertj-core
org.apache.commons.collections4.bloomfilter,74,1,commons-collections
org.apache.commons.io.function,66,1,commons-io
com.mysql.cj.protocol.a,65,1,mysql-connector-j
org.apache.commons.collections4.functors,65,1,commons-collections
org.h2.command.ddl,64,1,h2
org.junit.jupiter.api,63,1,junit-jupiter-api
org.apache.commons.lang3.concurrent,61,1,commons-lang
org.apache.logging.log4j.core.util,60,1,log4j-core
org.apache.commons.lang3.builder,58,1,commons-lang
org.h2.value,56,1,h2
com.google.common.graph,54,1,guava
com.alibaba.fastjson2,52,1,fastjson
com.google.common.base,52,1,guava
org.testng,52,1,testng
org.h2.expression.function,51,1,h2
com.mysql.cj.result,49,1,mysql-connector-j
org.h2.util,49,1,h2
org.apache.commons.codec.binary,48,1,commons-codec
org.joda.time,48,1,joda-time
com.mysql.cj.jdbc,47,1,mysql-connector-j
com.mysql.cj.protocol,47,1,mysql-connector-j
org.apache.logging.log4j.message,47,1,log4j-api
com.mysql.cj,46,1,mysql-connector-j
org.junit.jupiter.api.extension,46,1,junit-jupiter-api
org.apache.commons.io.filefilter,45,1,commons-io
com.mysql.cj.protocol.x,44,1,mysql-connector-j
org.apache.commons.io.file,44,1,commons-io
org.apache.logging.log4j.core.config,44,1,log4j-core
org.apache.logging.log4j.util,42,1,log4j-api
tools.jackson.databind.introspect,42,1,jackson-databind
tools.jackson.databind.util,41,1,jackson-databind
lombok.javac.handlers,40,1,lombok
org.apache.commons.codec.digest,40,1,commons-codec
com.google.common.io,38,1,guava
org.apache.hc.client5.http.impl.classic,38,1,httpclient
org.apache.logging.log4j.core.appender,38,1,log4j-core
org.junit.jupiter.api.condition,38,1,junit-jupiter-api
tools.jackson.databind.deser.jdk,38,1,jackson-databind
ch.qos.logback.classic.pattern,37,1,logback-classic
org.apache.commons.lang3.time,37,1,commons-lang
lombok.eclipse.handlers,36,1,lombok
org.h2.expression,36,1,h2
org.osgi.framework,36,1,org.osgi.core
org.apache.commons.collections4.set,35,1,commons-collections
org.apache.hc.client5.http.impl.auth,35,1,httpclient
org.assertj.core.util,35,1,assertj-core
tools.jackson.databind.ser.jdk,35,1,jackson-databind
org.apache.hc.client5.http.impl.async,34,1,httpclient
org.apache.logging.log4j.core.async,34,1,log4j-core
tools.jackson.databind,34,1,jackson-databind
com.google.common.hash,33,1,guava
org.springframework.cache.interceptor,33,1,spring-context
org.testng.annotations,33,1,testng
lombok.core,32,1,lombok
org.apache.logging.log4j.core.jackson,32,1,log4j-core
org.h2.table,32,1,h2
org.apache.commons.beanutils2.bugs,31,1,commons-beanutils
org.apache.hc.client5.http.impl,31,1,httpclient
org.joda.time.chrono,31,1,joda-time
org.springframework.context.support,31,1,spring-context
tools.jackson.core,31,1,jackson-core
tools.jackson.databind.cfg,31,1,jackson-databind
com.google.gson,30,1,gson
com.mysql.cj.exceptions,30,1,mysql-connector-j
org.apache.logging.log4j.core.layout,30,1,log4j-core
org.apache.logging.log4j.spi,30,1,log4j-api
testsuite.simple,30,1,mysql-connector-j
tools.jackson.databind.node,30,1,jackson-databind
lombok.core.configuration,29,1,lombok
org.apache.commons.collections4.bag,29,1,commons-collections
org.apache.commons.collections4.list,29,1,commons-collections
org.h2.engine,29,1,h2
org.mockito,29,1,mockito-core
org.h2.jdbc,28,1,h2
org.mockito.internal.matchers,28,1,mockito-core
com.alibaba.fastjson2.util,27,1,fastjson
org.apache.logging.log4j.core.lookup,27,1,log4j-core
retrofit2,27,1,retrofit
tools.jackson.core.util,27,1,jackson-core
com.google.common.primitives,26,1,guava
com.mysql.cj.conf,26,1,mysql-connector-j
lombok,26,1,lombok
org.apache.hc.client5.http.async.methods,26,1,httpclient
org.apache.logging.log4j.core.appender.rolling.action,26,1,log4j-core
retrofit2.http,26,1,retrofit
testsuite.x.devapi,26,1,mysql-connector-j
tools.jackson.databind.jsontype.impl,26,1,jackson-databind
lombok.javac,25,1,lombok
org.apache.commons.codec.language,25,1,commons-codec
org.h2.command.dml,25,1,h2
org.joda.time.field,25,1,joda-time
org.springframework.context.event,25,1,spring-context
ch.qos.logback.classic.spi,24,1,logback-classic
org.apache.commons.collections4.bidimap,24,1,commons-collections
org.apache.commons.lang3.exception,24,1,commons-lang
org.apache.hc.client5.http.entity.mime,24,1,httpclient
org.h2.index,24,1,h2
org.h2.tools,24,1,h2
org.springframework.context,24,1,spring-context
org.springframework.validation,24,1,spring-context
org.apache.hc.client5.http,23,1,httpclient
org.apache.hc.client5.http.auth,23,1,httpclient
org.apache.logging.log4j.core.appender.rolling,23,1,log4j-core
org.apache.logging.log4j.core.impl,23,1,log4j-core
tools.jackson.databind.deser,23,1,jackson-databind
com.google.common.cache,22,1,guava
org.apache.commons.codec,22,1,commons-codec
org.apache.commons.logging,22,1,commons-logging
org.apache.logging.log4j.core.net,22,1,log4j-core
org.h2.expression.condition,22,1,h2
org.h2.result,22,1,h2
org.slf4j.helpers,22,1,slf4j-api
org.springframework.scheduling.config,22,1,spring-context
org.apache.commons.io.build,21,1,commons-io
org.apache.commons.lang3.text,21,1,commons-lang
org.apache.commons.lang3.text.translate,21,1,commons-lang
org.apache.hc.client5.http.impl.cookie,21,1,httpclient
org.apache.logging.log4j.core.filter,21,1,log4j-core
org.h2.expression.aggregate,21,1,h2
org.h2.mvstore,21,1,h2
org.junit.jupiter.api.util,21,1,junit-jupiter-api
org.mockito.internal.verification,21,1,mockito-core
testsuite.regression,21,1,mysql-connector-j
com.mysql.cj.jdbc.ha,20,1,mysql-connector-j
org.apache.commons.io.comparator,20,1,commons-io
org.apache.commons.lang3.reflect,20,1,commons-lang
org.h2.util.json,20,1,h2
org.joda.time.format,20,1,joda-time
org.mockito.internal.junit,20,1,mockito-core
org.mockito.stubbing,20,1,mockito-core
org.springframework.format.datetime.standard,20,1,spring-context
tools.jackson.databind.deser.impl,20,1,jackson-databind
tools.jackson.databind.type,20,1,jackson-databind
com.alibaba.fastjson2.filter,19,1,fastjson
com.mysql.cj.util,19,1,mysql-connector-j
org.apache.commons.lang3.mutable,19,1,commons-lang
org.apache.commons.lang3.reflect.testbed,19,1,commons-lang
org.apache.logging.log4j.core,19,1,log4j-core
org.apache.logging.log4j.core.config.builder.api,19,1,log4j-core
org.assertj.core.api.recursive.comparison,19,1,assertj-core
org.joda.time.convert,19,1,joda-time
org.mockito.exceptions.misusing,19,1,mockito-core
org.mockito.internal.creation.bytebuddy,19,1,mockito-core
org.springframework.scheduling.annotation,19,1,spring-context
tools.jackson.databind.ser,19,1,jackson-databind
com.google.gson.internal.bind,18,1,gson
org.apache.commons.collections4.collection,18,1,commons-collections
org.apache.commons.collections4.multimap,18,1,commons-collections
org.apache.hc.client5.http.ssl,18,1,httpclient
org.h2.store,18,1,h2
org.springframework.scheduling.concurrent,18,1,spring-context
org.springframework.scheduling.support,18,1,spring-context
com.alibaba.fastjson2.schema,17,1,fastjson
com.google.common.math,17,1,guava
com.google.common.reflect,17,1,guava
com.google.gson.internal,17,1,gson
lombok.eclipse.agent,17,1,lombok
org.apache.logging.log4j.core.config.builder.impl,17,1,log4j-core
org.apache.logging.log4j.core.net.ssl,17,1,log4j-core
org.h2.mode,17,1,h2
org.h2.mvstore.db,17,1,h2
org.mockito.internal.invocation,17,1,mockito-core
org.testng.xml,17,1,testng
tools.jackson.core.io,17,1,jackson-core
tools.jackson.core.json,17,1,jackson-core
tools.jackson.databind.jsonFormatVisitors,17,1,jackson-databind
com.alibaba.fastjson2.internal.asm,16,1,fastjson
lombok.experimental,16,1,lombok
org.apache.commons.codec.language.bm,16,1,commons-codec
org.apache.commons.codec.net,16,1,commons-codec
org.apache.commons.collections4.comparators,16,1,commons-collections
org.apache.commons.io.serialization,16,1,commons-io
org.apache.hc.client5.http.cookie,16,1,httpclient
org.apache.logging.log4j.core.jmx,16,1,log4j-core
tools.jackson.databind.ext.javatime.ser,16,1,jackson-databind
tools.jackson.databind.ser.std,16,1,jackson-databind
lombok.eclipse,15,1,lombok
org.apache.commons.collections4.keyvalue,15,1,commons-collections
org.apache.hc.client5.http.entity,15,1,httpclient
org.apache.hc.client5.http.protocol,15,1,httpclient
org.h2.security.auth,15,1,h2
org.mockito.internal.util,15,1,mockito-core
org.springframework.cache.annotation,15,1,spring-context
tools.jackson.databind.ext.javatime.deser.key,15,1,jackson-databind
com.alibaba.fastjson2.function,14,1,fastjson
org.apache.commons.collections4.properties,14,1,commons-collections
org.apache.commons.io.channels,14,1,commons-io
org.apache.commons.logging.impl,14,1,commons-logging
org.assertj.core.error.future,14,1,assertj-core
org.h2.mvstore.tx,14,1,h2
org.mockito.internal.stubbing.answers,14,1,mockito-core
org.mockito.internal.util.reflection,14,1,mockito-core
tools.jackson.databind.exc,14,1,jackson-databind
tools.jackson.databind.ext.jdk8,14,1,jackson-databind
com.mysql.cj.x.protobuf,13,1,mysql-connector-j
lombok.javac.apt,13,1,lombok
org.apache.commons.collections4.multiset,13,1,commons-collections
org.apache.commons.collections4.queue,13,1,commons-collections
org.apache.commons.io.monitor,13,1,commons-io
org.apache.commons.lang3.tuple,13,1,commons-lang
org.apache.hc.client5.http.impl.io,13,1,httpclient
org.apache.logging.log4j.core.config.plugins,13,1,log4j-core
org.assertj.core.error.uri,13,1,assertj-core
org.assertj.core.presentation,13,1,assertj-core
org.h2.api,13,1,h2
org.joda.time.base,13,1,joda-time
org.mockito.plugins,13,1,mockito-core
org.springframework.jndi,13,1,spring-context
org.springframework.validation.beanvalidation,13,1,spring-context
tools.jackson.databind.deser.std,13,1,jackson-databind
tools.jackson.databind.ext.javatime.deser,13,1,jackson-databind
ch.qos.logback.classic.util,12,1,logback-classic
com.alibaba.fastjson2.function.impl,12,1,fastjson
com.google.common.eventbus,12,1,guava
com.mysql.cj.jdbc.exceptions,12,1,mysql-connector-j
com.sun.tools.javac.parser,12,1,lombok
lombok.installer.eclipse,12,1,lombok
org.apache.commons.beanutils2.locale.converters,12,1,commons-beanutils
org.apache.hc.client5.http.classic.methods,12,1,httpclient
org.apache.logging.log4j,12,1,log4j-api
org.h2.bnf,12,1,h2
org.h2.command,12,1,h2
org.h2.schema,12,1,h2
org.mockito.internal.stubbing,12,1,mockito-core
org.springframework.context.aot,12,1,spring-context
com.google.common.escape,11,1,guava
com.mysql.cj.log,11,1,mysql-connector-j
lombok.installer,11,1,lombok
org.apache.commons.collections4.sequence,11,1,commons-collections
org.apache.logging.log4j.core.config.plugins.visitors,11,1,log4j-core
org.h2.command.query,11,1,h2
org.h2.expression.analysis,11,1,h2
org.h2.server.web,11,1,h2
org.mockito.internal.configuration,11,1,mockito-core
org.mockito.internal.debugging,11,1,mockito-core
org.springframework.jmx.export.annotation,11,1,spring-context
org.springframework.jmx.export.assembler,11,1,spring-context
org.springframework.jmx.export.metadata,11,1,spring-context
org.testng.internal,11,1,testng
tools.jackson.databind.annotation,11,1,jackson-databind
tools.jackson.databind.deser.bean,11,1,jackson-databind
tools.jackson.databind.jsontype,11,1,jackson-databind
tools.jackson.databind.ser.impl,11,1,jackson-databind
com.google.common.net,10,1,guava
com.mysql.cj.protocol.a.authentication,10,1,mysql-connector-j
com.mysql.cj.protocol.a.result,10,1,mysql-connector-j
org.apache.commons.beanutils2.locale,10,1,commons-beanutils
org.apache.logging.log4j.core.appender.db.jdbc,10,1,log4j-core
org.assertj.core.util.introspection,10,1,assertj-core
org.h2.mvstore.type,10,1,h2
org.joda.time.tz,10,1,joda-time
org.junit.jupiter.api.parallel,10,1,junit-jupiter-api
org.mockito.exceptions.verification,10,1,mockito-core
org.mockito.internal,10,1,mockito-core
org.mockito.internal.stubbing.defaultanswers,10,1,mockito-core
org.mockito.invocation,10,1,mockito-core
org.mockito.listeners,10,1,mockito-core
org.slf4j.spi,10,1,slf4j-api
org.springframework.context.expression,10,1,spring-context
org.springframework.instrument.classloading,10,1,spring-context
org.springframework.jmx.support,10,1,spring-context
ch.qos.logback.classic.joran.action,9,1,logback-classic
ch.qos.logback.classic.model.processor,9,1,logback-classic
ch.qos.logback.classic.net,9,1,logback-classic
ch.qos.logback.classic.turbo,9,1,logback-classic
com.mysql.cj.conf.url,9,1,mysql-connector-j
lombok.delombok,9,1,lombok
lombok.eclipse.dependencies.model,9,1,lombok
lombok.eclipse.handlers.singulars,9,1,lombok
lombok.javac.handlers.singulars,9,1,lombok
org.apache.commons.beanutils2.sql,9,1,commons-beanutils
org.apache.commons.collections4.trie,9,1,commons-collections
org.apache.maven.plugin.descriptor,9,1,maven-plugin-api
org.assertj.core.condition,9,1,assertj-core
org.assertj.core.util.diff,9,1,assertj-core
org.h2.security,9,1,h2
org.mockito.internal.configuration.plugins,9,1,mockito-core
org.springframework.cache.support,9,1,spring-context
org.springframework.context.config,9,1,spring-context
org.springframework.jmx.access,9,1,spring-context
org.springframework.scripting.support,9,1,spring-context
org.testng.reporters,9,1,testng
ch.qos.logback.classic,8,1,logback-classic
ch.qos.logback.classic.model,8,1,logback-classic
com.alibaba.fastjson2.introspect,8,1,fastjson
com.mysql.cj.telemetry,8,1,mysql-connector-j
lombok.bytecode,8,1,lombok
lombok.launch,8,1,lombok
org.apache.commons.lang3.stream,8,1,commons-lang
org.apache.hc.client5.http.impl.nio,8,1,httpclient
org.apache.logging.log4j.core.appender.nosql,8,1,log4j-core
org.apache.logging.log4j.core.config.arbiters,8,1,log4j-core
org.apache.logging.log4j.core.config.plugins.convert,8,1,log4j-core
org.apache.logging.log4j.core.parser,8,1,log4j-core
org.assertj.core.data,8,1,assertj-core
org.h2.constraint,8,1,h2
org.h2.jdbcx,8,1,h2
org.h2.store.fs,8,1,h2
org.mockito.verification,8,1,mockito-core
org.osgi.framework.namespace,8,1,org.osgi.core
org.osgi.framework.wiring,8,1,org.osgi.core
org.slf4j,8,1,slf4j-api
org.springframework.jmx.export,8,1,spring-context
org.springframework.validation.method,8,1,spring-context
testsuite,8,1,mysql-connector-j
com.mysql.cj.jdbc.result,7,1,mysql-connector-j
com.sun.tools.javac.util,7,1,lombok
lombok.core.debug,7,1,lombok
org.apache.commons.beanutils2.priv,7,1,commons-beanutils
org.apache.commons.beanutils2.sql.converters,7,1,commons-beanutils
org.apache.commons.io.input.buffer,7,1,commons-io
org.apache.commons.io.test,7,1,commons-io
org.apache.commons.lang3.math,7,1,commons-lang
org.apache.hc.client5.http.classic,7,1,httpclient
org.apache.hc.client5.http.entity.compress,7,1,httpclient
org.apache.hc.client5.http.io,7,1,httpclient
org.apache.hc.client5.http.socket,7,1,httpclient
org.apache.hc.client5.http.utils,7,1,httpclient
org.apache.logging.log4j.core.config.plugins.util,7,1,log4j-core
org.apache.logging.log4j.core.selector,7,1,log4j-core
org.apache.logging.log4j.core.util.datetime,7,1,log4j-core
org.apache.logging.log4j.core.util.internal.instant,7,1,log4j-core
org.apache.logging.log4j.spi.recycler,7,1,log4j-api
org.apache.logging.log4j.status,7,1,log4j-api
org.apache.maven.plugin,7,1,maven-plugin-api
org.assertj.core.api.comparisonstrategy,7,1,assertj-core
org.h2.bnf.context,7,1,h2
org.h2.compress,7,1,h2
org.h2.jdbc.meta,7,1,h2
org.h2.message,7,1,h2
org.mockito.internal.progress,7,1,mockito-core
org.slf4j.event,7,1,slf4j-api
org.springframework.context.i18n,7,1,spring-context
org.springframework.format,7,1,spring-context
org.springframework.resilience.annotation,7,1,spring-context
org.springframework.scheduling,7,1,spring-context
org.testng.internal.protocols,7,1,testng
tools.jackson.core.base,7,1,jackson-core
tools.jackson.core.exc,7,1,jackson-core
tools.jackson.core.sym,7,1,jackson-core
tools.jackson.databind.ext,7,1,jackson-databind
tools.jackson.databind.ext.sql,7,1,jackson-databind
tools.jackson.databind.module,7,1,jackson-databind
ch.qos.logback.classic.boolex,6,1,logback-classic
ch.qos.logback.classic.joran,6,1,logback-classic
com.alibaba.fastjson2.annotation,6,1,fastjson
com.alibaba.fastjson2.support.csv,6,1,fastjson
com.google.common.annotations,6,1,guava
com.google.gson.annotations,6,1,gson
com.google.gson.stream,6,1,gson
com.mysql.cj.callback,6,1,mysql-connector-j
com.sun.tools.javac.main,6,1,lombok
lombok.core.handlers,6,1,lombok
org.apache.commons.beanutils2.bugs.other,6,1,commons-beanutils
org.apache.commons.logging.log4j.log4j12,6,1,commons-logging
org.apache.hc.client5.http.async,6,1,httpclient
org.apache.hc.client5.http.impl.routing,6,1,httpclient
org.apache.hc.client5.http.psl,6,1,httpclient
org.apache.logging.log4j.core.appender.rewrite,6,1,log4j-core
org.apache.logging.log4j.core.appender.routing,6,1,log4j-core
org.apache.logging.log4j.core.script,6,1,log4j-core
org.apache.logging.log4j.core.util.internal,6,1,log4j-core
org.h2.expression.function.table,6,1,h2
org.h2.security.auth.impl,6,1,h2
org.h2.util.geometry,6,1,h2
org.h2.value.lob,6,1,h2
org.mockito.internal.configuration.injection,6,1,mockito-core
org.mockito.internal.util.collections,6,1,mockito-core
org.mockito.internal.verification.api,6,1,mockito-core
org.mockito.junit,6,1,mockito-core
org.osgi.framework.connect,6,1,org.osgi.core
org.springframework.ejb.config,6,1,spring-context
org.springframework.format.number,6,1,spring-context
org.springframework.format.support,6,1,spring-context
org.springframework.jmx.export.naming,6,1,spring-context
org.springframework.resilience.retry,6,1,spring-context
org.springframework.stereotype,6,1,spring-context
testsuite.x.internal,6,1,mysql-connector-j
com.alibaba.fastjson2.modules,5,1,fastjson
com.mysql.cj.sasl,5,1,mysql-connector-j
lombok.javac.java8,5,1,lombok
lombok.spi,5,1,lombok
lombok.website,5,1,lombok
org.apache.commons.io.charset,5,1,commons-io
org.apache.commons.io.jmh,5,1,commons-io
org.apache.commons.lang3.compare,5,1,commons-lang
org.apache.commons.lang3.event,5,1,commons-lang
org.apache.commons.lang3.util,5,1,commons-lang
org.apache.commons.logging.jdk14,5,1,commons-logging
org.apache.commons.logging.simple,5,1,commons-logging
org.apache.hc.client5.http.config,5,1,httpclient
org.apache.hc.client5.http.nio,5,1,httpclient
org.apache.logging.log4j.core.appender.db,5,1,log4j-core
org.apache.logging.log4j.core.appender.mom.kafka,5,1,log4j-core
org.apache.logging.log4j.core.config.plugins.processor,5,1,log4j-core
org.apache.logging.log4j.core.config.plugins.validation.constraints,5,1,log4j-core
org.apache.logging.log4j.core.config.plugins.validation.validators,5,1,log4j-core
org.apache.logging.log4j.core.tools,5,1,log4j-core
org.apache.logging.log4j.lang,5,1,log4j-api
org.apache.logging.log4j.simple,5,1,log4j-api
org.assertj.core.api.filter,5,1,assertj-core
org.assertj.core.api.recursive.assertion,5,1,assertj-core
org.assertj.core.description,5,1,assertj-core
org.assertj.core.extractor,5,1,assertj-core
org.assertj.core.util.diff.myers,5,1,assertj-core
org.h2.fulltext,5,1,h2
org.h2.mvstore.rtree,5,1,h2
org.h2.server,5,1,h2
org.h2.store.fs.mem,5,1,h2
org.h2.store.fs.niomem,5,1,h2
org.mockito.exceptions.base,5,1,mockito-core
org.mockito.internal.configuration.injection.filter,5,1,mockito-core
org.mockito.internal.creation.proxy,5,1,mockito-core
org.mockito.internal.exceptions.stacktrace,5,1,mockito-core
org.mockito.internal.handler,5,1,mockito-core
org.mockito.internal.reporting,5,1,mockito-core
org.mockito.internal.runners,5,1,mockito-core
org.mockito.internal.verification.checkers,5,1,mockito-core
org.mockito.mock,5,1,mockito-core
org.osgi.framework.hooks.service,5,1,org.osgi.core
org.osgi.framework.hooks.weaving,5,1,org.osgi.core
org.osgi.framework.wiring.dto,5,1,org.osgi.core
org.springframework.cache.config,5,1,spring-context
org.springframework.context.weaving,5,1,spring-context
org.springframework.jmx.export.notification,5,1,spring-context
org.springframework.scripting,5,1,spring-context
org.springframework.scripting.config,5,1,spring-context
org.springframework.ui,5,1,spring-context
tools.jackson.core.filter,5,1,jackson-core
tools.jackson.core.json.async,5,1,jackson-core
tools.jackson.databind.deser.jackson,5,1,jackson-databind
tools.jackson.databind.ser.bean,5,1,jackson-databind
tools.jackson.databind.util.internal,5,1,jackson-databind
ch.qos.logback.classic.html,4,1,logback-classic
ch.qos.logback.classic.sift,4,1,logback-classic
com.alibaba.fastjson2.stream,4,1,fastjson
com.google.gson.internal.sql,4,1,gson
com.mysql.cj.jdbc.interceptors,4,1,mysql-connector-j
com.mysql.cj.jdbc.jmx,4,1,mysql-connector-j
com.sun.tools.javac.code,4,1,lombok
com.sun.tools.javac.file,4,1,lombok
lombok.javac.java6,4,1,lombok
lombok.javac.java7,4,1,lombok
lombok.permit.dummy,4,1,lombok
org.apache.commons.beanutils2.expression,4,1,commons-beanutils
org.apache.commons.beanutils2.sql.converters.locale,4,1,commons-beanutils
org.apache.commons.collections4.splitmap,4,1,commons-collections
org.apache.commons.logging.security,4,1,commons-logging
org.apache.commons.logging.tccl.logfactory,4,1,commons-logging
org.apache.hc.client5.http.routing,4,1,httpclient
org.apache.logging.log4j.core.config.composite,4,1,log4j-core
org.apache.logging.log4j.core.config.plugins.validation,4,1,log4j-core
org.apache.logging.log4j.core.config.properties,4,1,log4j-core
org.apache.logging.log4j.core.time,4,1,log4j-core
org.apache.logging.log4j.internal.recycler,4,1,log4j-api
org.apache.maven.plugin.lifecycle,4,1,maven-plugin-api
org.assertj.core.configuration,4,1,assertj-core
org.h2.jmx,4,1,h2
org.h2.store.fs.encrypt,4,1,h2
org.junit.jupiter.api.function,4,1,junit-jupiter-api
org.junit.jupiter.api.io,4,1,junit-jupiter-api
org.mockito.internal.creation,4,1,mockito-core
org.mockito.internal.matchers.text,4,1,mockito-core
org.mockito.internal.runners.util,4,1,mockito-core
org.osgi.framework.dto,4,1,org.osgi.core
org.osgi.framework.hooks.bundle,4,1,org.osgi.core
org.springframework.cache.concurrent,4,1,spring-context
org.springframework.format.annotation,4,1,spring-context
org.springframework.format.datetime,4,1,spring-context
org.springframework.format.number.money,4,1,spring-context
org.springframework.scripting.bsh,4,1,spring-context
org.springframework.scripting.groovy,4,1,spring-context
tools.jackson.core.async,4,1,jackson-core
tools.jackson.core.type,4,1,jackson-core
tools.jackson.databind.ser.jackson,4,1,jackson-databind
ch.qos.logback.classic.selector,3,1,logback-classic
com.alibaba.fastjson2.codec,3,1,fastjson
com.google.common.html,3,1,guava
com.google.common.xml,3,1,guava
com.google.thirdparty.publicsuffix,3,1,guava
com.mysql.cj.otel,3,1,mysql-connector-j
com.mysql.jdbc,3,1,mysql-connector-j
com.sun.tools.javac.tree,3,1,lombok
instrumentation,3,1,mysql-connector-j
lombok.core.runtimeDependencies,3,1,lombok
org.apache.commons.beanutils2.memoryleaktests.pojotests,3,1,commons-beanutils
org.apache.commons.codec.cli,3,1,commons-codec
org.apache.commons.io.file.attribute,3,1,commons-io
org.apache.commons.io.file.spi,3,1,commons-io
org.apache.commons.io.input.compatibility,3,1,commons-io
org.apache.commons.lang3.arch,3,1,commons-lang
org.apache.commons.lang3.concurrent.locks,3,1,commons-lang
org.apache.commons.logging.pathable,3,1,commons-logging
org.apache.logging.log4j.core.appender.mom,3,1,log4j-core
org.apache.logging.log4j.core.appender.mom.jeromq,3,1,log4j-core
org.apache.logging.log4j.core.config.json,3,1,log4j-core
org.apache.logging.log4j.core.config.xml,3,1,log4j-core
org.apache.logging.log4j.core.config.yaml,3,1,log4j-core
org.apache.logging.log4j.core.layout.internal,3,1,log4j-core
org.apache.logging.log4j.core.osgi,3,1,log4j-core
org.apache.logging.log4j.internal,3,1,log4j-api
org.assertj.core.annotation,3,1,assertj-core
org.assertj.core.groups,3,1,assertj-core
org.h2.mvstore.cache,3,1,h2
org.h2.server.pg,3,1,h2
org.h2.store.fs.async,3,1,h2
org.h2.store.fs.niomapped,3,1,h2
org.h2.store.fs.rec,3,1,h2
org.h2.store.fs.retry,3,1,h2
org.h2.store.fs.split,3,1,h2
org.h2.store.fs.zip,3,1,h2
org.mockito.configuration,3,1,mockito-core
org.mockito.internal.creation.bytebuddy.access,3,1,mockito-core
org.mockito.internal.creation.instance,3,1,mockito-core
org.mockito.internal.exceptions,3,1,mockito-core
org.mockito.internal.framework,3,1,mockito-core
org.mockito.internal.invocation.mockref,3,1,mockito-core
org.mockito.internal.listeners,3,1,mockito-core
org.mockito.internal.matchers.apachecommons,3,1,mockito-core
org.mockito.internal.session,3,1,mockito-core
org.mockito.internal.util.concurrent,3,1,mockito-core
org.mockito.quality,3,1,mockito-core
org.osgi.framework.hooks.resolver,3,1,org.osgi.core
org.osgi.framework.launch,3,1,org.osgi.core
org.osgi.framework.startlevel,3,1,org.osgi.core
org.osgi.framework.startlevel.dto,3,1,org.osgi.core
org.springframework.cache,3,1,spring-context
org.springframework.context.index,3,1,spring-context
org.springframework.jmx,3,1,spring-context
org.springframework.validation.annotation,3,1,spring-context
org.springframework.validation.support,3,1,spring-context
org.testng.internal.annotations,3,1,testng
testsuite.perf,3,1,mysql-connector-j
tools.jackson.core.io.schubfach,3,1,jackson-core
tools.jackson.core.tree,3,1,jackson-core
tools.jackson.databind.ext.beans,3,1,jackson-databind
tools.jackson.databind.ext.javatime,3,1,jackson-databind
ch.qos.logback.classic.encoder,2,1,logback-classic
ch.qos.logback.classic.filter,2,1,logback-classic
ch.qos.logback.classic.helpers,2,1,logback-classic
ch.qos.logback.classic.jul,2,1,logback-classic
ch.qos.logback.classic.selector.servlet,2,1,logback-classic
ch.qos.logback.classic.servlet,2,1,logback-classic
ch.qos.logback.classic.tyler,2,1,logback-classic
com.alibaba.fastjson2.internal,2,1,fastjson
com.google.gson.reflect,2,1,gson
com.sun.tools.javac.comp,2,1,lombok
documentation,2,1,mysql-connector-j
lombok.delombok.ant,2,1,lombok
lombok.eclipse.dependencies,2,1,lombok
lombok.extern.log4j,2,1,lombok
lombok.extern.slf4j,2,1,lombok
lombok.javac.java9,2,1,lombok
lombok.permit,2,1,lombok
org.apache.commons.collections4.trie.analyzer,2,1,commons-collections
org.apache.commons.logging.config,2,1,commons-logging
org.apache.commons.logging.serviceloader.internal,2,1,commons-logging
org.apache.commons.logging.tccl,2,1,commons-logging
org.apache.commons.logging.tccl.custom,2,1,commons-logging
org.apache.commons.logging.tccl.log,2,1,commons-logging
org.apache.hc.client5.http.validator,2,1,httpclient
org.apache.logging.log4j.core.config.plugins.processor.internal,2,1,log4j-core
org.apache.logging.log4j.core.config.status,2,1,log4j-core
org.apache.logging.log4j.core.filter.mutable,2,1,log4j-core
org.apache.logging.log4j.core.message,2,1,log4j-core
org.apache.maven.plugin.logging,2,1,maven-plugin-api
org.assertj.core.api.junit.jupiter,2,1,assertj-core
org.h2,2,1,h2
org.h2.store.fs.disk,2,1,h2
org.junit.jupiter.api.extension.support,2,1,junit-jupiter-api
org.junit.jupiter.api.timeout,2,1,junit-jupiter-api
org.mapstruct.ap.spi,2,1,lombok
org.mockito.creation.instance,2,1,mockito-core
org.mockito.exceptions.stacktrace,2,1,mockito-core
org.mockito.exceptions.verification.junit,2,1,mockito-core
org.mockito.exceptions.verification.opentest4j,2,1,mockito-core
org.mockito.hamcrest,2,1,mockito-core
org.mockito.internal.configuration.injection.scanner,2,1,mockito-core
org.mockito.internal.creation.bytebuddy.codegen,2,1,mockito-core
org.mockito.internal.creation.util,2,1,mockito-core
org.mockito.internal.hamcrest,2,1,mockito-core
org.mockito.internal.invocation.finder,2,1,mockito-core
org.mockito.internal.verification.argumentmatching,2,1,mockito-core
org.mockito.session,2,1,mockito-core
org.springframework.instrument.classloading.glassfish,2,1,spring-context
org.springframework.instrument.classloading.jboss,2,1,spring-context
org.springframework.instrument.classloading.tomcat,2,1,spring-context
org.springframework.jndi.support,2,1,spring-context
org.springframework.resilience,2,1,spring-context
tools.jackson.databind.ext.javatime.util,2,1,jackson-databind
ch.qos.logback.classic.joran.sanity,1,1,logback-classic
ch.qos.logback.classic.joran.serializedModel,1,1,logback-classic
ch.qos.logback.classic.layout,1,1,logback-classic
ch.qos.logback.classic.log4j,1,1,logback-classic
ch.qos.logback.classic.model.util,1,1,logback-classic
ch.qos.logback.classic.net.server,1,1,logback-classic
ch.qos.logback.classic.pattern.color,1,1,logback-classic
com.alibaba.fastjson2.internal.mixin.spring,1,1,fastjson
com.alibaba.fastjson2.internal.trove.map.hash,1,1,fastjson
com.alibaba.fastjson2.support,1,1,fastjson
com.alibaba.fastjson2.support.money,1,1,fastjson
com.google.common.base.internal,1,1,guava
com.google.gson.internal.bind.util,1,1,gson
com.google.gson.internal.reflect,1,1,gson
com.mysql.cj.admin,1,1,mysql-connector-j
com.mysql.cj.interceptors,1,1,mysql-connector-j
com.mysql.cj.jdbc.admin,1,1,mysql-connector-j
com.mysql.cj.jdbc.integration.c3p0,1,1,mysql-connector-j
com.mysql.cj.jdbc.util,1,1,mysql-connector-j
com.mysql.cj.protocol.result,1,1,mysql-connector-j
com.sun.tools.javadoc,1,1,lombok
demo.x.devapi,1,1,mysql-connector-j
java.lang.annotation,1,1,lombok
java.nio.file,1,1,lombok
lombok.ant,1,1,lombok
lombok.eclipseCreate,1,1,lombok
lombok.extern.apachecommons,1,1,lombok
lombok.extern.flogger,1,1,lombok
lombok.extern.jackson,1,1,lombok
lombok.extern.java,1,1,lombok
lombok.extern.jbosslog,1,1,lombok
lombok.mapstruct,1,1,lombok
lombok.publish,1,1,lombok
org.apache.commons.beanutils2.memoryleaktests,1,1,commons-beanutils
org.apache.commons.collections4.junit,1,1,commons-collections
org.apache.commons.lang3.test,1,1,commons-lang
org.apache.commons.logging.avalon,1,1,commons-logging
org.apache.commons.logging.log4j,1,1,commons-logging
org.apache.commons.logging.log4j2,1,1,commons-logging
org.apache.commons.logging.logkit,1,1,commons-logging
org.apache.commons.logging.noop,1,1,commons-logging
org.apache.commons.logging.serviceloader,1,1,commons-logging
org.apache.commons.logging.servlet,1,1,commons-logging
org.apache.commons.logging.slf4j,1,1,commons-logging
org.apache.hc.client5.http.impl.compat,1,1,httpclient
org.apache.logging.log4j.core.context.internal,1,1,log4j-core
org.apache.logging.log4j.core.internal.annotation,1,1,log4j-core
org.apache.logging.log4j.core.jmx.internal,1,1,log4j-core
org.apache.logging.log4j.core.time.internal,1,1,log4j-core
org.apache.logging.log4j.core.tools.picocli,1,1,log4j-core
org.apache.maven.monitor.logging,1,1,maven-plugin-api
org.assertj.core.annotations,1,1,assertj-core
org.assertj.core.api.exception,1,1,assertj-core
org.assertj.core.api.iterable,1,1,assertj-core
org.assertj.core.api.recursive,1,1,assertj-core
org.assertj.core.error.array2d,1,1,assertj-core
org.assertj.core.internal.annotation,1,1,assertj-core
org.assertj.core.matcher,1,1,assertj-core
org.eclipse.jdt.internal.compiler.ast,1,1,lombok
org.mockito.exceptions,1,1,mockito-core
org.mockito.internal.creation.bytebuddy.inject,1,1,mockito-core
org.mockito.internal.creation.settings,1,1,mockito-core
org.mockito.internal.exceptions.util,1,1,mockito-core
org.mockito.internal.util.io,1,1,mockito-core
org.testng.internal.objects,1,1,testng
org.testng.internal.thread,1,1,testng
org.testng.log4testng,1,1,testng
retrofit2.internal,1,1,retrofit
tools.jackson.databind.ext.javatime.ser.key,1,1,jackson-databind
tools.jackson.databind.json,1,1,jackson-databind
