component,packages,files,libraries,library_ids,example_packages
org,461,7002,20,assertj-core;commons-beanutils;commons-codec;commons-collections;commons-io;commons-lang;commons-logging;h2;httpclient;joda-time;junit-jupiter-api;log4j-api;log4j-core;lombok;maven-plugin-api;mockito-core;org.osgi.core;slf4j-api;spring-context;testng,org.apache.commons.beanutils2;org.apache.commons.beanutils2.bugs;org.apache.commons.beanutils2.bugs.other;org.apache.commons.beanutils2.converters;org.apache.commons.beanutils2.expression
util,35,562,15,assertj-core;commons-lang;fastjson;gson;guava;h2;jackson-core;jackson-databind;junit-jupiter-api;log4j-api;log4j-core;logback-classic;lombok;mockito-core;mysql-connector-j,ch.qos.logback.classic.model.util;ch.qos.logback.classic.util;com.alibaba.fastjson2.util;com.google.common.util.concurrent;com.google.gson.internal.bind.util
internal,79,531,13,assertj-core;commons-logging;fastjson;gson;guava;jackson-databind;log4j-api;log4j-core;lombok;mockito-core;mysql-connector-j;retrofit;testng,com.alibaba.fastjson2.internal;com.alibaba.fastjson2.internal.asm;com.alibaba.fastjson2.internal.mixin.spring;com.alibaba.fastjson2.internal.trove.map.hash;com.google.common.base.internal
apache,203,3640,10,commons-beanutils;commons-codec;commons-collections;commons-io;commons-lang;commons-logging;httpclient;log4j-api;log4j-core;maven-plugin-api,org.apache.commons.beanutils2;org.apache.commons.beanutils2.bugs;org.apache.commons.beanutils2.bugs.other;org.apache.commons.beanutils2.converters;org.apache.commons.beanutils2.expression
commons,100,2292,6,commons-beanutils;commons-codec;commons-collections;commons-io;commons-lang;commons-logging,org.apache.commons.beanutils2;org.apache.commons.beanutils2.bugs;org.apache.commons.beanutils2.bugs.other;org.apache.commons.beanutils2.converters;org.apache.commons.beanutils2.expression
com,87,1939,6,fastjson;gson;guava;lombok;mysql-connector-j;protobuf-java,com.alibaba.fastjson2;com.alibaba.fastjson2.annotation;com.alibaba.fastjson2.codec;com.alibaba.fastjson2.filter;com.alibaba.fastjson2.function
io,25,638,6,commons-io;guava;httpclient;jackson-core;junit-jupiter-api;mockito-core,com.google.common.io;org.apache.commons.io;org.apache.commons.io.build;org.apache.commons.io.channels;org.apache.commons.io.charset
impl,17,316,6,commons-logging;fastjson;h2;httpclient;jackson-databind;log4j-core,com.alibaba.fastjson2.function.impl;org.apache.commons.logging.impl;org.apache.hc.client5.http.impl;org.apache.hc.client5.http.impl.async;org.apache.hc.client5.http.impl.auth
annotation,13,162,6,assertj-core;fastjson;jackson-databind;log4j-core;lombok;spring-context,com.alibaba.fastjson2.annotation;java.lang.annotation;org.apache.logging.log4j.core.internal.annotation;org.assertj.core.annotation;org.assertj.core.internal.annotation
filter,7,59,6,assertj-core;fastjson;jackson-core;log4j-core;logback-classic;mockito-core,ch.qos.logback.classic.filter;com.alibaba.fastjson2.filter;org.apache.logging.log4j.core.filter;org.apache.logging.log4j.core.filter.mutable;org.assertj.core.api.filter
log4j,73,913,5,commons-logging;log4j-api;log4j-core;logback-classic;lombok,ch.qos.logback.classic.log4j;lombok.extern.log4j;org.apache.commons.logging.log4j;org.apache.commons.logging.log4j.log4j12;org.apache.logging.log4j
tools,60,777,5,h2;jackson-core;jackson-databind;log4j-core;lombok,com.sun.tools.javac.code;com.sun.tools.javac.comp;com.sun.tools.javac.file;com.sun.tools.javac.main;com.sun.tools.javac.parser
api,21,489,5,assertj-core;h2;junit-jupiter-api;log4j-core;mockito-core,org.apache.logging.log4j.core.config.builder.api;org.assertj.core.api;org.assertj.core.api.comparisonstrategy;org.assertj.core.api.exception;org.assertj.core.api.filter
function,7,238,5,commons-io;commons-lang;fastjson;h2;junit-jupiter-api,com.alibaba.fastjson2.function;com.alibaba.fastjson2.function.impl;org.apache.commons.io.function;org.apache.commons.lang3.function;org.h2.expression.function
spi,7,81,5,commons-io;log4j-api;logback-classic;lombok;slf4j-api,ch.qos.logback.classic.spi;lombok.spi;org.apache.commons.io.file.spi;org.apache.logging.log4j.spi;org.apache.logging.log4j.spi.recycler
core,106,1735,4,assertj-core;jackson-core;log4j-core;lombok,lombok.core;lombok.core.configuration;lombok.core.debug;lombok.core.handlers;lombok.core.runtimeDependencies
logging,92,987,4,commons-logging;log4j-api;log4j-core;maven-plugin-api,org.apache.commons.logging;org.apache.commons.logging.avalon;org.apache.commons.logging.config;org.apache.commons.logging.impl;org.apache.commons.logging.jdk14
jackson,51,741,4,jackson-core;jackson-databind;log4j-core;lombok,lombok.extern.jackson;org.apache.logging.log4j.core.jackson;tools.jackson.core;tools.jackson.core.async;tools.jackson.core.base
config,26,221,4,commons-logging;httpclient;log4j-core;spring-context,org.apache.commons.logging.config;org.apache.hc.client5.http.config;org.apache.logging.log4j.core.config;org.apache.logging.log4j.core.config.arbiters;org.apache.logging.log4j.core.config.builder.api
junit,14,221,4,assertj-core;commons-collections;junit-jupiter-api;mockito-core,org.apache.commons.collections4.junit;org.assertj.core.api.junit.jupiter;org.junit.jupiter.api;org.junit.jupiter.api.condition;org.junit.jupiter.api.extension
concurrent,6,173,4,commons-lang;guava;mockito-core;spring-context,com.google.common.util.concurrent;org.apache.commons.lang3.concurrent;org.apache.commons.lang3.concurrent.locks;org.mockito.internal.util.concurrent;org.springframework.cache.concurrent
async,7,112,4,h2;httpclient;jackson-core;log4j-core,org.apache.hc.client5.http.async;org.apache.hc.client5.http.async.methods;org.apache.hc.client5.http.impl.async;org.apache.logging.log4j.core.async;org.h2.store.fs.async
jmx,13,99,4,h2;log4j-core;mysql-connector-j;spring-context,com.mysql.cj.jdbc.jmx;org.apache.logging.log4j.core.jmx;org.apache.logging.log4j.core.jmx.internal;org.h2.jmx;org.springframework.jmx
base,5,78,4,guava;jackson-core;joda-time;mockito-core,com.google.common.base;com.google.common.base.internal;org.joda.time.base;org.mockito.exceptions.base;tools.jackson.core.base
net,6,75,4,commons-codec;guava;log4j-core;logback-classic,ch.qos.logback.classic.net;ch.qos.logback.classic.net.server;com.google.common.net;org.apache.commons.codec.net;org.apache.logging.log4j.core.net
annotations,5,49,4,assertj-core;gson;guava;testng,com.google.common.annotations;com.google.gson.annotations;org.assertj.core.annotations;org.testng.annotations;org.testng.internal.annotations
json,5,46,4,h2;jackson-core;jackson-databind;log4j-core,org.apache.logging.log4j.core.config.json;org.h2.util.json;tools.jackson.core.json;tools.jackson.core.json.async;tools.jackson.databind.json
google,28,833,3,gson;guava;protobuf-java,com.google.common.annotations;com.google.common.base;com.google.common.base.internal;com.google.common.cache;com.google.common.collect
context,12,214,3,h2;log4j-core;spring-context,org.apache.logging.log4j.core.context.internal;org.h2.bnf.context;org.springframework.context;org.springframework.context.annotation;org.springframework.context.aot
time,10,208,3,commons-lang;joda-time;log4j-core,org.apache.commons.lang3.time;org.apache.logging.log4j.core.time;org.apache.logging.log4j.core.time.internal;org.joda.time;org.joda.time.base
expression,8,161,3,commons-beanutils;h2;spring-context,org.apache.commons.beanutils2.expression;org.h2.expression;org.h2.expression.aggregate;org.h2.expression.analysis;org.h2.expression.condition
jdbc,13,145,3,h2;log4j-core;mysql-connector-j,com.mysql.cj.jdbc;com.mysql.cj.jdbc.admin;com.mysql.cj.jdbc.exceptions;com.mysql.cj.jdbc.ha;com.mysql.cj.jdbc.integration.c3p0
support,12,98,3,fastjson;junit-jupiter-api;spring-context,com.alibaba.fastjson2.support;com.alibaba.fastjson2.support.csv;com.alibaba.fastjson2.support.money;org.junit.jupiter.api.extension.support;org.springframework.cache.support
cache,8,94,3,guava;h2;spring-context,com.google.common.cache;org.h2.mvstore.cache;org.springframework.cache;org.springframework.cache.annotation;org.springframework.cache.concurrent
condition,3,69,3,assertj-core;h2;junit-jupiter-api,org.assertj.core.condition;org.h2.expression.condition;org.junit.jupiter.api.condition
configuration,8,69,3,assertj-core;lombok;mockito-core,lombok.core.configuration;org.assertj.core.configuration;org.mockito.configuration;org.mockito.internal.configuration;org.mockito.internal.configuration.injection
reflect,5,59,3,commons-lang;gson;guava,com.google.common.reflect;com.google.gson.internal.reflect;com.google.gson.reflect;org.apache.commons.lang3.reflect;org.apache.commons.lang3.reflect.testbed
message,3,56,3,h2;log4j-api;log4j-core,org.apache.logging.log4j.core.message;org.apache.logging.log4j.message;org.h2.message
slf4j,6,50,3,commons-logging;lombok;slf4j-api,lombok.extern.slf4j;org.apache.commons.logging.slf4j;org.slf4j;org.slf4j.event;org.slf4j.helpers
simple,3,40,3,commons-logging;log4j-api;mysql-connector-j,org.apache.commons.logging.simple;org.apache.logging.log4j.simple;testsuite.simple
event,3,37,3,commons-lang;slf4j-api;spring-context,org.apache.commons.lang3.event;org.slf4j.event;org.springframework.context.event
type,3,34,3,h2;jackson-core;jackson-databind,org.h2.mvstore.type;tools.jackson.core.type;tools.jackson.databind.type
sql,5,31,3,commons-beanutils;gson;jackson-databind,com.google.gson.internal.sql;org.apache.commons.beanutils2.sql;org.apache.commons.beanutils2.sql.converters;org.apache.commons.beanutils2.sql.converters.locale;tools.jackson.databind.ext.sql
xml,3,23,3,guava;log4j-core;testng,com.google.common.xml;org.apache.logging.log4j.core.config.xml;org.testng.xml
stream,3,18,3,commons-lang;fastjson;gson,com.alibaba.fastjson2.stream;com.google.gson.stream;org.apache.commons.lang3.stream
http,30,448,2,httpclient;retrofit,org.apache.hc.client5.http;org.apache.hc.client5.http.async;org.apache.hc.client5.http.async.methods;org.apache.hc.client5.http.auth;org.apache.hc.client5.http.classic
classic,31,226,2,httpclient;logback-classic,ch.qos.logback.classic;ch.qos.logback.classic.boolex;ch.qos.logback.classic.encoder;ch.qos.logback.classic.filter;ch.qos.logback.classic.helpers
jupiter,10,192,2,assertj-core;junit-jupiter-api,org.assertj.core.api.junit.jupiter;org.junit.jupiter.api;org.junit.jupiter.api.condition;org.junit.jupiter.api.extension;org.junit.jupiter.api.extension.support
protocol,7,192,2,httpclient;mysql-connector-j,com.mysql.cj.protocol;com.mysql.cj.protocol.a;com.mysql.cj.protocol.a.authentication;com.mysql.cj.protocol.a.result;com.mysql.cj.protocol.result
codec,8,173,2,commons-codec;fastjson,com.alibaba.fastjson2.codec;org.apache.commons.codec;org.apache.commons.codec.binary;org.apache.commons.codec.cli;org.apache.commons.codec.digest
protobuf,2,153,2,mysql-connector-j;protobuf-java,com.google.protobuf;com.mysql.cj.x.protobuf
pattern,3,113,2,log4j-core;logback-classic,ch.qos.logback.classic.pattern;ch.qos.logback.classic.pattern.color;org.apache.logging.log4j.core.pattern
framework,14,96,2,mockito-core;org.osgi.core,org.mockito.internal.framework;org.osgi.framework;org.osgi.framework.connect;org.osgi.framework.dto;org.osgi.framework.hooks.bundle
map,2,96,2,commons-collections;fastjson,com.alibaba.fastjson2.internal.trove.map.hash;org.apache.commons.collections4.map
osgi,14,96,2,log4j-core;org.osgi.core,org.apache.logging.log4j.core.osgi;org.osgi.framework;org.osgi.framework.connect;org.osgi.framework.dto;org.osgi.framework.hooks.bundle
builder,3,94,2,commons-lang;log4j-core,org.apache.commons.lang3.builder;org.apache.logging.log4j.core.config.builder.api;org.apache.logging.log4j.core.config.builder.impl
exceptions,12,92,2,mockito-core;mysql-connector-j,com.mysql.cj.exceptions;com.mysql.cj.jdbc.exceptions;org.mockito.exceptions;org.mockito.exceptions.base;org.mockito.exceptions.misusing
result,5,89,2,h2;mysql-connector-j,com.mysql.cj.jdbc.result;com.mysql.cj.protocol.a.result;com.mysql.cj.protocol.result;com.mysql.cj.result;org.h2.result
plugins,11,82,2,log4j-core;mockito-core,org.apache.logging.log4j.core.config.plugins;org.apache.logging.log4j.core.config.plugins.convert;org.apache.logging.log4j.core.config.plugins.processor;org.apache.logging.log4j.core.config.plugins.processor.internal;org.apache.logging.log4j.core.config.plugins.util
auth,4,79,2,h2;httpclient,org.apache.hc.client5.http.auth;org.apache.hc.client5.http.impl.auth;org.h2.security.auth;org.h2.security.auth.impl
format,8,71,2,joda-time;spring-context,org.joda.time.format;org.springframework.format;org.springframework.format.annotation;org.springframework.format.datetime;org.springframework.format.datetime.standard
validation,8,65,2,log4j-core;spring-context,org.apache.logging.log4j.core.config.plugins.validation;org.apache.logging.log4j.core.config.plugins.validation.constraints;org.apache.logging.log4j.core.config.plugins.validation.validators;org.springframework.validation;org.springframework.validation.annotation
file,5,55,2,commons-io;lombok,com.sun.tools.javac.file;java.nio.file;org.apache.commons.io.file;org.apache.commons.io.file.attribute;org.apache.commons.io.file.spi
introspect,2,50,2,fastjson;jackson-databind,com.alibaba.fastjson2.introspect;tools.jackson.databind.introspect
text,3,46,2,commons-lang;mockito-core,org.apache.commons.lang3.text;org.apache.commons.lang3.text.translate;org.mockito.internal.matchers.text
action,2,35,2,log4j-core;logback-classic,ch.qos.logback.classic.joran.action;org.apache.logging.log4j.core.appender.rolling.action
ssl,2,35,2,httpclient;log4j-core,org.apache.hc.client5.http.ssl;org.apache.logging.log4j.core.net.ssl
hash,2,34,2,fastjson;guava,com.alibaba.fastjson2.internal.trove.map.hash;com.google.common.hash
layout,3,34,2,log4j-core;logback-classic,ch.qos.logback.classic.layout;org.apache.logging.log4j.core.layout;org.apache.logging.log4j.core.layout.internal
security,4,34,2,commons-logging;h2,org.apache.commons.logging.security;org.h2.security;org.h2.security.auth;org.h2.security.auth.impl
db,3,32,2,h2;log4j-core,org.apache.logging.log4j.core.appender.db;org.apache.logging.log4j.core.appender.db.jdbc;org.h2.mvstore.db
datetime,3,31,2,log4j-core;spring-context,org.apache.logging.log4j.core.util.datetime;org.springframework.format.datetime;org.springframework.format.datetime.standard
schema,2,29,2,fastjson;h2,com.alibaba.fastjson2.schema;org.h2.schema
convert,2,27,2,joda-time;log4j-core,org.apache.logging.log4j.core.config.plugins.convert;org.joda.time.convert
index,2,27,2,h2;spring-context,org.h2.index;org.springframework.context.index
model,4,27,2,logback-classic;lombok,ch.qos.logback.classic.model;ch.qos.logback.classic.model.processor;ch.qos.logback.classic.model.util;lombok.eclipse.dependencies.model
exception,2,25,2,assertj-core;commons-lang,org.apache.commons.lang3.exception;org.assertj.core.api.exception
helpers,2,24,2,logback-classic;slf4j-api,ch.qos.logback.classic.helpers;org.slf4j.helpers
math,2,24,2,commons-lang;guava,com.google.common.math;org.apache.commons.lang3.math
exc,2,21,2,jackson-core;jackson-databind,tools.jackson.core.exc;tools.jackson.databind.exc
mutable,2,21,2,commons-lang;log4j-core,org.apache.commons.lang3.mutable;org.apache.logging.log4j.core.filter.mutable
parser,2,20,2,log4j-core;lombok,com.sun.tools.javac.parser;org.apache.logging.log4j.core.parser
server,4,20,2,h2;logback-classic,ch.qos.logback.classic.net.server;org.h2.server;org.h2.server.pg;org.h2.server.web
properties,2,18,2,commons-collections;log4j-core,org.apache.commons.collections4.properties;org.apache.logging.log4j.core.config.properties
processor,3,16,2,log4j-core;logback-classic,ch.qos.logback.classic.model.processor;org.apache.logging.log4j.core.config.plugins.processor;org.apache.logging.log4j.core.config.plugins.processor.internal
routing,3,16,2,httpclient;log4j-core,org.apache.hc.client5.http.impl.routing;org.apache.hc.client5.http.routing;org.apache.logging.log4j.core.appender.routing
compress,2,14,2,h2;httpclient,org.apache.hc.client5.http.entity.compress;org.h2.compress
monitor,2,14,2,commons-io;maven-plugin-api,org.apache.commons.io.monitor;org.apache.maven.monitor.logging
nio,3,14,2,httpclient;lombok,java.nio.file;org.apache.hc.client5.http.impl.nio;org.apache.hc.client5.http.nio
log,2,13,2,commons-logging;mysql-connector-j,com.mysql.cj.log;org.apache.commons.logging.tccl.log
access,2,12,2,mockito-core;spring-context,org.mockito.internal.creation.bytebuddy.access;org.springframework.jmx.access
selector,3,12,2,log4j-core;logback-classic,ch.qos.logback.classic.selector;ch.qos.logback.classic.selector.servlet;org.apache.logging.log4j.core.selector
launch,2,11,2,lombok;org.osgi.core,lombok.launch;org.osgi.framework.launch
weaving,2,10,2,org.osgi.core;spring-context,org.osgi.framework.hooks.weaving;org.springframework.context.weaving
retry,2,9,2,h2;spring-context,org.h2.store.fs.retry;org.springframework.resilience.retry
status,2,9,2,log4j-api;log4j-core,org.apache.logging.log4j.core.config.status;org.apache.logging.log4j.status
test,2,8,2,commons-io;commons-lang,org.apache.commons.io.test;org.apache.commons.lang3.test
html,2,7,2,guava;logback-classic,ch.qos.logback.classic.html;com.google.common.html
lang,2,6,2,log4j-api;lombok,java.lang.annotation;org.apache.logging.log4j.lang
tree,2,6,2,jackson-core;lombok,com.sun.tools.javac.tree;tools.jackson.core.tree
money,2,5,2,fastjson;spring-context,com.alibaba.fastjson2.support.money;org.springframework.format.number.money
servlet,3,5,2,commons-logging;logback-classic,ch.qos.logback.classic.selector.servlet;ch.qos.logback.classic.servlet;org.apache.commons.logging.servlet
apachecommons,2,4,2,lombok;mockito-core,lombok.extern.apachecommons;org.mockito.internal.matchers.apachecommons
h2,58,843,1,h2,org.h2;org.h2.api;org.h2.bnf;org.h2.bnf.context;org.h2.command
assertj,29,780,1,assertj-core,org.assertj.core.annotation;org.assertj.core.annotations;org.assertj.core.api;org.assertj.core.api.comparisonstrategy;org.assertj.core.api.exception
collections4,21,659,1,commons-collections,org.apache.commons.collections4;org.apache.commons.collections4.bag;org.apache.commons.collections4.bidimap;org.apache.commons.collections4.bloomfilter;org.apache.commons.collections4.collection
springframework,59,625,1,spring-context,org.springframework.cache;org.springframework.cache.annotation;org.springframework.cache.concurrent;org.springframework.cache.config;org.springframework.cache.interceptor
common,17,605,1,guava,com.google.common.annotations;com.google.common.base;com.google.common.base.internal;com.google.common.cache;com.google.common.collect
mysql,31,599,1,mysql-connector-j,com.mysql.cj;com.mysql.cj.admin;com.mysql.cj.callback;com.mysql.cj.conf;com.mysql.cj.conf.url
cj,30,596,1,mysql-connector-j,com.mysql.cj;com.mysql.cj.admin;com.mysql.cj.callback;com.mysql.cj.conf;com.mysql.cj.conf.url
databind,36,571,1,jackson-databind,tools.jackson.databind;tools.jackson.databind.annotation;tools.jackson.databind.cfg;tools.jackson.databind.deser;tools.jackson.databind.deser.bean
lang3,20,534,1,commons-lang,org.apache.commons.lang3;org.apache.commons.lang3.arch;org.apache.commons.lang3.builder;org.apache.commons.lang3.compare;org.apache.commons.lang3.concurrent
mockito,67,480,1,mockito-core,org.mockito;org.mockito.configuration;org.mockito.creation.instance;org.mockito.exceptions;org.mockito.exceptions.base
alibaba,20,468,1,fastjson,com.alibaba.fastjson2;com.alibaba.fastjson2.annotation;com.alibaba.fastjson2.codec;com.alibaba.fastjson2.filter;com.alibaba.fastjson2.function
fastjson2,20,468,1,fastjson,com.alibaba.fastjson2;com.alibaba.fastjson2.annotation;com.alibaba.fastjson2.codec;com.alibaba.fastjson2.filter;com.alibaba.fastjson2.function
client5,29,422,1,httpclient,org.apache.hc.client5.http;org.apache.hc.client5.http.async;org.apache.hc.client5.http.async.methods;org.apache.hc.client5.http.auth;org.apache.hc.client5.http.classic
hc,29,422,1,httpclient,org.apache.hc.client5.http;org.apache.hc.client5.http.async;org.apache.hc.client5.http.async.methods;org.apache.hc.client5.http.auth;org.apache.hc.client5.http.classic
lombok,42,388,1,lombok,lombok;lombok.ant;lombok.bytecode;lombok.core;lombok.core.configuration
error,4,332,1,assertj-core,org.assertj.core.error;org.assertj.core.error.array2d;org.assertj.core.error.future;org.assertj.core.error.uri
beanutils2,13,293,1,commons-beanutils,org.apache.commons.beanutils2;org.apache.commons.beanutils2.bugs;org.apache.commons.beanutils2.bugs.other;org.apache.commons.beanutils2.converters;org.apache.commons.beanutils2.expression
collect,1,216,1,guava,com.google.common.collect
ch,28,169,1,logback-classic,ch.qos.logback.classic;ch.qos.logback.classic.boolex;ch.qos.logback.classic.encoder;ch.qos.logback.classic.filter;ch.qos.logback.classic.helpers
logback,28,169,1,logback-classic,ch.qos.logback.classic;ch.qos.logback.classic.boolex;ch.qos.logback.classic.encoder;ch.qos.logback.classic.filter;ch.qos.logback.classic.helpers
qos,28,169,1,logback-classic,ch.qos.logback.classic;ch.qos.logback.classic.boolex;ch.qos.logback.classic.encoder;ch.qos.logback.classic.filter;ch.qos.logback.classic.helpers
joda,7,166,1,joda-time,org.joda.time;org.joda.time.base;org.joda.time.chrono;org.joda.time.convert;org.joda.time.field
reader,1,155,1,fastjson,com.alibaba.fastjson2.reader
javac,15,140,1,lombok,com.sun.tools.javac.code;com.sun.tools.javac.comp;com.sun.tools.javac.file;com.sun.tools.javac.main;com.sun.tools.javac.parser
deser,8,138,1,jackson-databind,tools.jackson.databind.deser;tools.jackson.databind.deser.bean;tools.jackson.databind.deser.impl;tools.jackson.databind.deser.jackson;tools.jackson.databind.deser.jdk
testng,10,135,1,testng,org.testng;org.testng.annotations;org.testng.internal;org.testng.internal.annotations;org.testng.internal.objects
input,3,134,1,commons-io,org.apache.commons.io.input;org.apache.commons.io.input.buffer;org.apache.commons.io.input.compatibility
appender,11,133,1,log4j-core,org.apache.logging.log4j.core.appender;org.apache.logging.log4j.core.appender.db;org.apache.logging.log4j.core.appender.db.jdbc;org.apache.logging.log4j.core.appender.mom;org.apache.logging.log4j.core.appender.mom.jeromq
converters,4,125,1,commons-beanutils,org.apache.commons.beanutils2.converters;org.apache.commons.beanutils2.locale.converters;org.apache.commons.beanutils2.sql.converters;org.apache.commons.beanutils2.sql.converters.locale
writer,1,118,1,fastjson,com.alibaba.fastjson2.writer
command,4,112,1,h2,org.h2.command;org.h2.command.ddl;org.h2.command.dml;org.h2.command.query
ser,8,107,1,jackson-databind,tools.jackson.databind.ext.javatime.ser;tools.jackson.databind.ext.javatime.ser.key;tools.jackson.databind.ser;tools.jackson.databind.ser.bean;tools.jackson.databind.ser.impl
eclipse,8,101,1,lombok,lombok.eclipse;lombok.eclipse.agent;lombok.eclipse.dependencies;lombok.eclipse.dependencies.model;lombok.eclipse.handlers
handlers,5,100,1,lombok,lombok.core.handlers;lombok.eclipse.handlers;lombok.eclipse.handlers.singulars;lombok.javac.handlers;lombok.javac.handlers.singulars
xdevapi,1,95,1,mysql-connector-j,com.mysql.cj.xdevapi
testsuite,6,94,1,mysql-connector-j,testsuite;testsuite.perf;testsuite.regression;testsuite.simple;testsuite.x.devapi
iterators,1,90,1,commons-collections,org.apache.commons.collections4.iterators
x,5,90,1,mysql-connector-j,com.mysql.cj.protocol.x;com.mysql.cj.x.protobuf;demo.x.devapi;testsuite.x.devapi;testsuite.x.internal
a,3,85,1,mysql-connector-j,com.mysql.cj.protocol.a;com.mysql.cj.protocol.a.authentication;com.mysql.cj.protocol.a.result
gson,9,85,1,gson,com.google.gson;com.google.gson.annotations;com.google.gson.internal;com.google.gson.internal.bind;com.google.gson.internal.bind.util
scheduling,5,84,1,spring-context,org.springframework.scheduling;org.springframework.scheduling.annotation;org.springframework.scheduling.concurrent;org.springframework.scheduling.config;org.springframework.scheduling.support
ext,10,81,1,jackson-databind,tools.jackson.databind.ext;tools.jackson.databind.ext.beans;tools.jackson.databind.ext.javatime;tools.jackson.databind.ext.javatime.deser;tools.jackson.databind.ext.javatime.deser.key
output,1,76,1,commons-io,org.apache.commons.io.output
bloomfilter,1,74,1,commons-collections,org.apache.commons.collections4.bloomfilter
jdk,2,73,1,jackson-databind,tools.jackson.databind.deser.jdk;tools.jackson.databind.ser.jdk
mvstore,6,70,1,h2,org.h2.mvstore;org.h2.mvstore.cache;org.h2.mvstore.db;org.h2.mvstore.rtree;org.h2.mvstore.tx
functors,1,65,1,commons-collections,org.apache.commons.collections4.functors
ddl,1,64,1,h2,org.h2.command.ddl
value,2,62,1,h2,org.h2.value;org.h2.value.lob
store,12,60,1,h2,org.h2.store;org.h2.store.fs;org.h2.store.fs.async;org.h2.store.fs.disk;org.h2.store.fs.encrypt
stubbing,4,56,1,mockito-core,org.mockito.internal.stubbing;org.mockito.internal.stubbing.answers;org.mockito.internal.stubbing.defaultanswers;org.mockito.stubbing
verification,8,56,1,mockito-core,org.mockito.exceptions.verification;org.mockito.exceptions.verification.junit;org.mockito.exceptions.verification.opentest4j;org.mockito.internal.verification;org.mockito.internal.verification.api
graph,1,54,1,guava,com.google.common.graph
retrofit2,3,54,1,retrofit,retrofit2;retrofit2.http;retrofit2.internal
export,6,52,1,spring-context,org.springframework.jmx.export;org.springframework.jmx.export.annotation;org.springframework.jmx.export.assembler;org.springframework.jmx.export.metadata;org.springframework.jmx.export.naming
javatime,6,50,1,jackson-databind,tools.jackson.databind.ext.javatime;tools.jackson.databind.ext.javatime.deser;tools.jackson.databind.ext.javatime.deser.key;tools.jackson.databind.ext.javatime.ser;tools.jackson.databind.ext.javatime.ser.key
rolling,2,49,1,log4j-core,org.apache.logging.log4j.core.appender.rolling;org.apache.logging.log4j.core.appender.rolling.action
binary,1,48,1,commons-codec,org.apache.commons.codec.binary
extension,2,48,1,junit-jupiter-api,org.junit.jupiter.api.extension;org.junit.jupiter.api.extension.support
entity,3,46,1,httpclient,org.apache.hc.client5.http.entity;org.apache.hc.client5.http.entity.compress;org.apache.hc.client5.http.entity.mime
filefilter,1,45,1,commons-io,org.apache.commons.io.filefilter
creation,10,42,1,mockito-core,org.mockito.creation.instance;org.mockito.internal.creation;org.mockito.internal.creation.bytebuddy;org.mockito.internal.creation.bytebuddy.access;org.mockito.internal.creation.bytebuddy.codegen
fs,11,42,1,h2,org.h2.store.fs;org.h2.store.fs.async;org.h2.store.fs.disk;org.h2.store.fs.encrypt;org.h2.store.fs.mem
language,2,41,1,commons-codec,org.apache.commons.codec.language;org.apache.commons.codec.language.bm
digest,1,40,1,commons-codec,org.apache.commons.codec.digest
sun,8,39,1,lombok,com.sun.tools.javac.code;com.sun.tools.javac.comp;com.sun.tools.javac.file;com.sun.tools.javac.main;com.sun.tools.javac.parser
methods,2,38,1,httpclient,org.apache.hc.client5.http.async.methods;org.apache.hc.client5.http.classic.methods
table,2,38,1,h2,org.h2.expression.function.table;org.h2.table
bugs,2,37,1,commons-beanutils,org.apache.commons.beanutils2.bugs;org.apache.commons.beanutils2.bugs.other
cookie,2,37,1,httpclient,org.apache.hc.client5.http.cookie;org.apache.hc.client5.http.impl.cookie
jsontype,2,37,1,jackson-databind,tools.jackson.databind.jsontype;tools.jackson.databind.jsontype.impl
conf,2,35,1,mysql-connector-j,com.mysql.cj.conf;com.mysql.cj.conf.url
matchers,3,35,1,mockito-core,org.mockito.internal.matchers;org.mockito.internal.matchers.apachecommons;org.mockito.internal.matchers.text
set,1,35,1,commons-collections,org.apache.commons.collections4.set
interceptor,1,33,1,spring-context,org.springframework.cache.interceptor
invocation,4,32,1,mockito-core,org.mockito.internal.invocation;org.mockito.internal.invocation.finder;org.mockito.internal.invocation.mockref;org.mockito.invocation
cfg,1,31,1,jackson-databind,tools.jackson.databind.cfg
chrono,1,31,1,joda-time,org.joda.time.chrono
node,1,30,1,jackson-databind,tools.jackson.databind.node
bag,1,29,1,commons-collections,org.apache.commons.collections4.bag
engine,1,29,1,h2,org.h2.engine
list,1,29,1,commons-collections,org.apache.commons.collections4.list
std,2,29,1,jackson-databind,tools.jackson.databind.deser.std;tools.jackson.databind.ser.std
devapi,2,27,1,mysql-connector-j,demo.x.devapi;testsuite.x.devapi
lookup,1,27,1,log4j-core,org.apache.logging.log4j.core.lookup
scripting,5,27,1,spring-context,org.springframework.scripting;org.springframework.scripting.bsh;org.springframework.scripting.config;org.springframework.scripting.groovy;org.springframework.scripting.support
locale,3,26,1,commons-beanutils,org.apache.commons.beanutils2.locale;org.apache.commons.beanutils2.locale.converters;org.apache.commons.beanutils2.sql.converters.locale
primitives,1,26,1,guava,com.google.common.primitives
bytebuddy,4,25,1,mockito-core,org.mockito.internal.creation.bytebuddy;org.mockito.internal.creation.bytebuddy.access;org.mockito.internal.creation.bytebuddy.codegen;org.mockito.internal.creation.bytebuddy.inject
dml,1,25,1,h2,org.h2.command.dml
field,1,25,1,joda-time,org.joda.time.field
recursive,3,25,1,assertj-core,org.assertj.core.api.recursive;org.assertj.core.api.recursive.assertion;org.assertj.core.api.recursive.comparison
bidimap,1,24,1,commons-collections,org.apache.commons.collections4.bidimap
mime,1,24,1,httpclient,org.apache.hc.client5.http.entity.mime
installer,2,23,1,lombok,lombok.installer;lombok.installer.eclipse
maven,5,23,1,maven-plugin-api,org.apache.maven.monitor.logging;org.apache.maven.plugin;org.apache.maven.plugin.descriptor;org.apache.maven.plugin.lifecycle;org.apache.maven.plugin.logging
plugin,4,22,1,maven-plugin-api,org.apache.maven.plugin;org.apache.maven.plugin.descriptor;org.apache.maven.plugin.lifecycle;org.apache.maven.plugin.logging
aggregate,1,21,1,h2,org.h2.expression.aggregate
build,1,21,1,commons-io,org.apache.commons.io.build
regression,1,21,1,mysql-connector-j,testsuite.regression
translate,1,21,1,commons-lang,org.apache.commons.lang3.text.translate
comparator,1,20,1,commons-io,org.apache.commons.io.comparator
ha,1,20,1,mysql-connector-j,com.mysql.cj.jdbc.ha
standard,1,20,1,spring-context,org.springframework.format.datetime.standard
bind,2,19,1,gson,com.google.gson.internal.bind;com.google.gson.internal.bind.util
bnf,2,19,1,h2,org.h2.bnf;org.h2.bnf.context
comparison,1,19,1,assertj-core,org.assertj.core.api.recursive.comparison
misusing,1,19,1,mockito-core,org.mockito.exceptions.misusing
testbed,1,19,1,commons-lang,org.apache.commons.lang3.reflect.testbed
collection,1,18,1,commons-collections,org.apache.commons.collections4.collection
multimap,1,18,1,commons-collections,org.apache.commons.collections4.multimap
singulars,2,18,1,lombok,lombok.eclipse.handlers.singulars;lombok.javac.handlers.singulars
agent,1,17,1,lombok,lombok.eclipse.agent
hooks,4,17,1,org.osgi.core,org.osgi.framework.hooks.bundle;org.osgi.framework.hooks.resolver;org.osgi.framework.hooks.service;org.osgi.framework.hooks.weaving
joran,4,17,1,logback-classic,ch.qos.logback.classic.joran;ch.qos.logback.classic.joran.action;ch.qos.logback.classic.joran.sanity;ch.qos.logback.classic.joran.serializedModel
jsonFormatVisitors,1,17,1,jackson-databind,tools.jackson.databind.jsonFormatVisitors
mode,1,17,1,h2,org.h2.mode
asm,1,16,1,fastjson,com.alibaba.fastjson2.internal.asm
bean,2,16,1,jackson-databind,tools.jackson.databind.deser.bean;tools.jackson.databind.ser.bean
bm,1,16,1,commons-codec,org.apache.commons.codec.language.bm
classloading,4,16,1,spring-context,org.springframework.instrument.classloading;org.springframework.instrument.classloading.glassfish;org.springframework.instrument.classloading.jboss;org.springframework.instrument.classloading.tomcat
comparators,1,16,1,commons-collections,org.apache.commons.collections4.comparators
experimental,1,16,1,lombok,lombok.experimental
instrument,4,16,1,spring-context,org.springframework.instrument.classloading;org.springframework.instrument.classloading.glassfish;org.springframework.instrument.classloading.jboss;org.springframework.instrument.classloading.tomcat
key,2,16,1,jackson-databind,tools.jackson.databind.ext.javatime.deser.key;tools.jackson.databind.ext.javatime.ser.key
serialization,1,16,1,commons-io,org.apache.commons.io.serialization
jndi,2,15,1,spring-context,org.springframework.jndi;org.springframework.jndi.support
keyvalue,1,15,1,commons-collections,org.apache.commons.collections4.keyvalue
resilience,3,15,1,spring-context,org.springframework.resilience;org.springframework.resilience.annotation;org.springframework.resilience.retry
answers,1,14,1,mockito-core,org.mockito.internal.stubbing.answers
channels,1,14,1,commons-io,org.apache.commons.io.channels
diff,2,14,1,assertj-core,org.assertj.core.util.diff;org.assertj.core.util.diff.myers
future,1,14,1,assertj-core,org.assertj.core.error.future
jdk8,1,14,1,jackson-databind,tools.jackson.databind.ext.jdk8
reflection,1,14,1,mockito-core,org.mockito.internal.util.reflection
tx,1,14,1,h2,org.h2.mvstore.tx
apt,1,13,1,lombok,lombok.javac.apt
beanvalidation,1,13,1,spring-context,org.springframework.validation.beanvalidation
injection,3,13,1,mockito-core,org.mockito.internal.configuration.injection;org.mockito.internal.configuration.injection.filter;org.mockito.internal.configuration.injection.scanner
listeners,2,13,1,mockito-core,org.mockito.internal.listeners;org.mockito.listeners
multiset,1,13,1,commons-collections,org.apache.commons.collections4.multiset
presentation,1,13,1,assertj-core,org.assertj.core.presentation
queue,1,13,1,commons-collections,org.apache.commons.collections4.queue
tuple,1,13,1,commons-lang,org.apache.commons.lang3.tuple
uri,1,13,1,assertj-core,org.assertj.core.error.uri
wiring,2,13,1,org.osgi.core,org.osgi.framework.wiring;org.osgi.framework.wiring.dto
aot,1,12,1,spring-context,org.springframework.context.aot
dto,3,12,1,org.osgi.core,org.osgi.framework.dto;org.osgi.framework.startlevel.dto;org.osgi.framework.wiring.dto
eventbus,1,12,1,guava,com.google.common.eventbus
analysis,1,11,1,h2,org.h2.expression.analysis
assembler,1,11,1,spring-context,org.springframework.jmx.export.assembler
debugging,1,11,1,mockito-core,org.mockito.internal.debugging
delombok,2,11,1,lombok,lombok.delombok;lombok.delombok.ant
dependencies,2,11,1,lombok,lombok.eclipse.dependencies;lombok.eclipse.dependencies.model
escape,1,11,1,guava,com.google.common.escape
metadata,1,11,1,spring-context,org.springframework.jmx.export.metadata
mom,3,11,1,log4j-core,org.apache.logging.log4j.core.appender.mom;org.apache.logging.log4j.core.appender.mom.jeromq;org.apache.logging.log4j.core.appender.mom.kafka
query,1,11,1,h2,org.h2.command.query
recycler,2,11,1,log4j-api,org.apache.logging.log4j.internal.recycler;org.apache.logging.log4j.spi.recycler
sequence,1,11,1,commons-collections,org.apache.commons.collections4.sequence
trie,2,11,1,commons-collections,org.apache.commons.collections4.trie;org.apache.commons.collections4.trie.analyzer
visitors,1,11,1,log4j-core,org.apache.logging.log4j.core.config.plugins.visitors
web,1,11,1,h2,org.h2.server.web
authentication,1,10,1,mysql-connector-j,com.mysql.cj.protocol.a.authentication
defaultanswers,1,10,1,mockito-core,org.mockito.internal.stubbing.defaultanswers
introspection,1,10,1,assertj-core,org.assertj.core.util.introspection
number,2,10,1,spring-context,org.springframework.format.number;org.springframework.format.number.money
parallel,1,10,1,junit-jupiter-api,org.junit.jupiter.api.parallel
tccl,4,10,1,commons-logging,org.apache.commons.logging.tccl;org.apache.commons.logging.tccl.custom;org.apache.commons.logging.tccl.log;org.apache.commons.logging.tccl.logfactory
tz,1,10,1,joda-time,org.joda.time.tz
descriptor,1,9,1,maven-plugin-api,org.apache.maven.plugin.descriptor
extern,7,9,1,lombok,lombok.extern.apachecommons;lombok.extern.flogger;lombok.extern.jackson;lombok.extern.java;lombok.extern.jbosslog
reporters,1,9,1,testng,org.testng.reporters
runners,2,9,1,mockito-core,org.mockito.internal.runners;org.mockito.internal.runners.util
turbo,1,9,1,logback-classic,ch.qos.logback.classic.turbo
url,1,9,1,mysql-connector-j,com.mysql.cj.conf.url
arbiters,1,8,1,log4j-core,org.apache.logging.log4j.core.config.arbiters
bytecode,1,8,1,lombok,lombok.bytecode
constraint,1,8,1,h2,org.h2.constraint
data,1,8,1,assertj-core,org.assertj.core.data
jdbcx,1,8,1,h2,org.h2.jdbcx
method,1,8,1,spring-context,org.springframework.validation.method
namespace,1,8,1,org.osgi.core,org.osgi.framework.namespace
nosql,1,8,1,log4j-core,org.apache.logging.log4j.core.appender.nosql
telemetry,1,8,1,mysql-connector-j,com.mysql.cj.telemetry
buffer,1,7,1,commons-io,org.apache.commons.io.input.buffer
comparisonstrategy,1,7,1,assertj-core,org.assertj.core.api.comparisonstrategy
debug,1,7,1,lombok,lombok.core.debug
i18n,1,7,1,spring-context,org.springframework.context.i18n
instant,1,7,1,log4j-core,org.apache.logging.log4j.core.util.internal.instant
meta,1,7,1,h2,org.h2.jdbc.meta
module,1,7,1,jackson-databind,tools.jackson.databind.module
priv,1,7,1,commons-beanutils,org.apache.commons.beanutils2.priv
progress,1,7,1,mockito-core,org.mockito.internal.progress
protocols,1,7,1,testng,org.testng.internal.protocols
socket,1,7,1,httpclient,org.apache.hc.client5.http.socket
stacktrace,2,7,1,mockito-core,org.mockito.exceptions.stacktrace;org.mockito.internal.exceptions.stacktrace
sym,1,7,1,jackson-core,tools.jackson.core.sym
utils,1,7,1,httpclient,org.apache.hc.client5.http.utils
boolex,1,6,1,logback-classic,ch.qos.logback.classic.boolex
callback,1,6,1,mysql-connector-j,com.mysql.cj.callback
collections,1,6,1,mockito-core,org.mockito.internal.util.collections
connect,1,6,1,org.osgi.core,org.osgi.framework.connect
csv,1,6,1,fastjson,com.alibaba.fastjson2.support.csv
ejb,1,6,1,spring-context,org.springframework.ejb.config
geometry,1,6,1,h2,org.h2.util.geometry
lob,1,6,1,h2,org.h2.value.lob
log4j12,1,6,1,commons-logging,org.apache.commons.logging.log4j.log4j12
main,1,6,1,lombok,com.sun.tools.javac.main
naming,1,6,1,spring-context,org.springframework.jmx.export.naming
other,1,6,1,commons-beanutils,org.apache.commons.beanutils2.bugs.other
permit,2,6,1,lombok,lombok.permit;lombok.permit.dummy
psl,1,6,1,httpclient,org.apache.hc.client5.http.psl
rewrite,1,6,1,log4j-core,org.apache.logging.log4j.core.appender.rewrite
script,1,6,1,log4j-core,org.apache.logging.log4j.core.script
startlevel,2,6,1,org.osgi.core,org.osgi.framework.startlevel;org.osgi.framework.startlevel.dto
stereotype,1,6,1,spring-context,org.springframework.stereotype
assertion,1,5,1,assertj-core,org.assertj.core.api.recursive.assertion
charset,1,5,1,commons-io,org.apache.commons.io.charset
checkers,1,5,1,mockito-core,org.mockito.internal.verification.checkers
compare,1,5,1,commons-lang,org.apache.commons.lang3.compare
constraints,1,5,1,log4j-core,org.apache.logging.log4j.core.config.plugins.validation.constraints
description,1,5,1,assertj-core,org.assertj.core.description
extractor,1,5,1,assertj-core,org.assertj.core.extractor
fulltext,1,5,1,h2,org.h2.fulltext
handler,1,5,1,mockito-core,org.mockito.internal.handler
instance,2,5,1,mockito-core,org.mockito.creation.instance;org.mockito.internal.creation.instance
interceptors,2,5,1,mysql-connector-j,com.mysql.cj.interceptors;com.mysql.cj.jdbc.interceptors
java8,1,5,1,lombok,lombok.javac.java8
jdk14,1,5,1,commons-logging,org.apache.commons.logging.jdk14
jmh,1,5,1,commons-io,org.apache.commons.io.jmh
kafka,1,5,1,log4j-core,org.apache.logging.log4j.core.appender.mom.kafka
mem,1,5,1,h2,org.h2.store.fs.mem
mock,1,5,1,mockito-core,org.mockito.mock
modules,1,5,1,fastjson,com.alibaba.fastjson2.modules
myers,1,5,1,assertj-core,org.assertj.core.util.diff.myers
niomem,1,5,1,h2,org.h2.store.fs.niomem
notification,1,5,1,spring-context,org.springframework.jmx.export.notification
proxy,1,5,1,mockito-core,org.mockito.internal.creation.proxy
reporting,1,5,1,mockito-core,org.mockito.internal.reporting
rtree,1,5,1,h2,org.h2.mvstore.rtree
sasl,1,5,1,mysql-connector-j,com.mysql.cj.sasl
service,1,5,1,org.osgi.core,org.osgi.framework.hooks.service
session,2,5,1,mockito-core,org.mockito.internal.session;org.mockito.session
ui,1,5,1,spring-context,org.springframework.ui
validators,1,5,1,log4j-core,org.apache.logging.log4j.core.config.plugins.validation.validators
website,1,5,1,lombok,lombok.website
bsh,1,4,1,spring-context,org.springframework.scripting.bsh
bundle,1,4,1,org.osgi.core,org.osgi.framework.hooks.bundle
code,1,4,1,lombok,com.sun.tools.javac.code
composite,1,4,1,log4j-core,org.apache.logging.log4j.core.config.composite
dummy,1,4,1,lombok,lombok.permit.dummy
encrypt,1,4,1,h2,org.h2.store.fs.encrypt
groovy,1,4,1,spring-context,org.springframework.scripting.groovy
hamcrest,2,4,1,mockito-core,org.mockito.hamcrest;org.mockito.internal.hamcrest
java6,1,4,1,lombok,lombok.javac.java6
java7,1,4,1,lombok,lombok.javac.java7
lifecycle,1,4,1,maven-plugin-api,org.apache.maven.plugin.lifecycle
logfactory,1,4,1,commons-logging,org.apache.commons.logging.tccl.logfactory
memoryleaktests,2,4,1,commons-beanutils,org.apache.commons.beanutils2.memoryleaktests;org.apache.commons.beanutils2.memoryleaktests.pojotests
sift,1,4,1,logback-classic,ch.qos.logback.classic.sift
splitmap,1,4,1,commons-collections,org.apache.commons.collections4.splitmap
ant,2,3,1,lombok,lombok.ant;lombok.delombok.ant
arch,1,3,1,commons-lang,org.apache.commons.lang3.arch
attribute,1,3,1,commons-io,org.apache.commons.io.file.attribute
beans,1,3,1,jackson-databind,tools.jackson.databind.ext.beans
cli,1,3,1,commons-codec,org.apache.commons.codec.cli
compatibility,1,3,1,commons-io,org.apache.commons.io.input.compatibility
groups,1,3,1,assertj-core,org.assertj.core.groups
instrumentation,1,3,1,mysql-connector-j,instrumentation
java,3,3,1,lombok,java.lang.annotation;java.nio.file;lombok.extern.java
jeromq,1,3,1,log4j-core,org.apache.logging.log4j.core.appender.mom.jeromq
locks,1,3,1,commons-lang,org.apache.commons.lang3.concurrent.locks
mapstruct,2,3,1,lombok,lombok.mapstruct;org.mapstruct.ap.spi
mockref,1,3,1,mockito-core,org.mockito.internal.invocation.mockref
niomapped,1,3,1,h2,org.h2.store.fs.niomapped
otel,1,3,1,mysql-connector-j,com.mysql.cj.otel
pathable,1,3,1,commons-logging,org.apache.commons.logging.pathable
perf,1,3,1,mysql-connector-j,testsuite.perf
pg,1,3,1,h2,org.h2.server.pg
pojotests,1,3,1,commons-beanutils,org.apache.commons.beanutils2.memoryleaktests.pojotests
publicsuffix,1,3,1,guava,com.google.thirdparty.publicsuffix
quality,1,3,1,mockito-core,org.mockito.quality
rec,1,3,1,h2,org.h2.store.fs.rec
resolver,1,3,1,org.osgi.core,org.osgi.framework.hooks.resolver
runtimeDependencies,1,3,1,lombok,lombok.core.runtimeDependencies
schubfach,1,3,1,jackson-core,tools.jackson.core.io.schubfach
serviceloader,2,3,1,commons-logging,org.apache.commons.logging.serviceloader;org.apache.commons.logging.serviceloader.internal
split,1,3,1,h2,org.h2.store.fs.split
thirdparty,1,3,1,guava,com.google.thirdparty.publicsuffix
yaml,1,3,1,log4j-core,org.apache.logging.log4j.core.config.yaml
zip,1,3,1,h2,org.h2.store.fs.zip
admin,2,2,1,mysql-connector-j,com.mysql.cj.admin;com.mysql.cj.jdbc.admin
analyzer,1,2,1,commons-collections,org.apache.commons.collections4.trie.analyzer
ap,1,2,1,lombok,org.mapstruct.ap.spi
argumentmatching,1,2,1,mockito-core,org.mockito.internal.verification.argumentmatching
codegen,1,2,1,mockito-core,org.mockito.internal.creation.bytebuddy.codegen
comp,1,2,1,lombok,com.sun.tools.javac.comp
custom,1,2,1,commons-logging,org.apache.commons.logging.tccl.custom
disk,1,2,1,h2,org.h2.store.fs.disk
documentation,1,2,1,mysql-connector-j,documentation
encoder,1,2,1,logback-classic,ch.qos.logback.classic.encoder
finder,1,2,1,mockito-core,org.mockito.internal.invocation.finder
glassfish,1,2,1,spring-context,org.springframework.instrument.classloading.glassfish
java9,1,2,1,lombok,lombok.javac.java9
jboss,1,2,1,spring-context,org.springframework.instrument.classloading.jboss
jul,1,2,1,logback-classic,ch.qos.logback.classic.jul
opentest4j,1,2,1,mockito-core,org.mockito.exceptions.verification.opentest4j
scanner,1,2,1,mockito-core,org.mockito.internal.configuration.injection.scanner
timeout,1,2,1,junit-jupiter-api,org.junit.jupiter.api.timeout
tomcat,1,2,1,spring-context,org.springframework.instrument.classloading.tomcat
tyler,1,2,1,logback-classic,ch.qos.logback.classic.tyler
validator,1,2,1,httpclient,org.apache.hc.client5.http.validator
array2d,1,1,1,assertj-core,org.assertj.core.error.array2d
ast,1,1,1,lombok,org.eclipse.jdt.internal.compiler.ast
avalon,1,1,1,commons-logging,org.apache.commons.logging.avalon
c3p0,1,1,1,mysql-connector-j,com.mysql.cj.jdbc.integration.c3p0
color,1,1,1,logback-classic,ch.qos.logback.classic.pattern.color
compat,1,1,1,httpclient,org.apache.hc.client5.http.impl.compat
compiler,1,1,1,lombok,org.eclipse.jdt.internal.compiler.ast
demo,1,1,1,mysql-connector-j,demo.x.devapi
eclipseCreate,1,1,1,lombok,lombok.eclipseCreate
flogger,1,1,1,lombok,lombok.extern.flogger
inject,1,1,1,mockito-core,org.mockito.internal.creation.bytebuddy.inject
integration,1,1,1,mysql-connector-j,com.mysql.cj.jdbc.integration.c3p0
iterable,1,1,1,assertj-core,org.assertj.core.api.iterable
javadoc,1,1,1,lombok,com.sun.tools.javadoc
jbosslog,1,1,1,lombok,lombok.extern.jbosslog
jdt,1,1,1,lombok,org.eclipse.jdt.internal.compiler.ast
log4j2,1,1,1,commons-logging,org.apache.commons.logging.log4j2
log4testng,1,1,1,testng,org.testng.log4testng
logkit,1,1,1,commons-logging,org.apache.commons.logging.logkit
matcher,1,1,1,assertj-core,org.assertj.core.matcher
mixin,1,1,1,fastjson,com.alibaba.fastjson2.internal.mixin.spring
noop,1,1,1,commons-logging,org.apache.commons.logging.noop
objects,1,1,1,testng,org.testng.internal.objects
picocli,1,1,1,log4j-core,org.apache.logging.log4j.core.tools.picocli
publish,1,1,1,lombok,lombok.publish
sanity,1,1,1,logback-classic,ch.qos.logback.classic.joran.sanity
serializedModel,1,1,1,logback-classic,ch.qos.logback.classic.joran.serializedModel
settings,1,1,1,mockito-core,org.mockito.internal.creation.settings
spring,1,1,1,fastjson,com.alibaba.fastjson2.internal.mixin.spring
thread,1,1,1,testng,org.testng.internal.thread
trove,1,1,1,fastjson,com.alibaba.fastjson2.internal.trove.map.hash
